,mRNA,logFC,FDR,Delta,YA,OA,start,end,diff_exp,gene
ENSG00000096088,ENSG00000096088,-8.676645494,3.34114959357399e-189,-35244.70302,4062.019481,9.824074074,41736711,41754109,DOWN,PGC
ENSG00000147571,ENSG00000147571,-7.966076309,8.43802752032042e-154,-1328.058722,166.7142857,0.453703704,66176376,66178464,DOWN,CRH
ENSG00000182333,ENSG00000182333,-7.89826506,1.02932638529719e-162,-4319.735539,546.9220779,2.083333333,88664441,88678814,DOWN,LIPF
ENSG00000286564,ENSG00000286564,-7.709347696,1.13981553178252e-137,-556.3746123,72.16883117,0.175925926,68223667,68242364,DOWN,ENSG00000286564
ENSG00000100146,ENSG00000100146,-7.374754143,3.09935216217999e-150,-5741.389764,778.5194805,4.472222222,37970686,37987422,DOWN,SOX10
ENSG00000147588,ENSG00000147588,-7.153630227,3.48172164277229e-144,-4932.753207,689.5454545,4.101851852,81440326,81447439,DOWN,PMP2
ENSG00000006116,ENSG00000006116,-6.851575079,1.55941037017449e-126,-699.57251,102.1038961,0.703703704,24256335,24362412,DOWN,CACNG3
ENSG00000096264,ENSG00000096264,-6.698295921,6.14017576431836e-112,-262.0164586,39.11688312,0.231481481,41335608,41350889,DOWN,NCR2
ENSG00000183607,ENSG00000183607,-6.384233452,2.82852022545084e-115,-628.5568026,98.45454545,0.916666667,68945232,68952893,DOWN,GKN2
ENSG00000248958,ENSG00000248958,-6.315204612,1.10910143624085e-108,-355.4968102,56.29220779,0.453703704,129135926,129139740,DOWN,ENSG00000248958
ENSG00000125999,ENSG00000125999,-6.001812069,2.15661039674459e-113,-2811.108471,468.3766234,6.185185185,33273480,33309871,DOWN,BPIFB1
ENSG00000071991,ENSG00000071991,-5.749240987,1.10910143624085e-108,-7998.500858,1391.227273,21.44444444,66501083,66604138,DOWN,CDH19
ENSG00000235139,ENSG00000235139,-5.586259347,5.96598923542044e-89,-187.1034137,33.49350649,0.453703704,84532476,84584322,DOWN,LINC03017
ENSG00000125492,ENSG00000125492,-5.581341008,2.52864417170251e-84,-111.77179,20.02597403,0.268518519,132582606,132590252,DOWN,BARHL1
ENSG00000110244,ENSG00000110244,-5.564653865,8.80182213994933e-88,-97.27304029,17.48051948,0.435185185,116820700,116823304,DOWN,APOA4
ENSG00000147256,ENSG00000147256,-5.406948494,2.14116233861805e-99,-4570.13544,845.2337662,16.57407407,131058346,131089885,DOWN,ARHGAP36
ENSG00000226846,ENSG00000226846,-5.391149997,4.46859075789951e-85,-159.2839772,29.54545455,0.5,71015042,71168417,DOWN,LINC00348
ENSG00000215182,ENSG00000215182,-5.36986756,3.21328114485145e-98,-2862.732187,533.1103896,10.2962963,1157953,1201138,DOWN,MUC5AC
ENSG00000224931,ENSG00000224931,-5.301779621,2.41989332609158e-74,-71.60845202,13.50649351,0.212962963,153122145,153128323,DOWN,LOC728307
ENSG00000225101,ENSG00000225101,-5.262986807,9.62154745236628e-96,-1622.435297,308.2727273,11.62037037,4393783,4476361,DOWN,OR52K3P
ENSG00000287427,ENSG00000287427,-5.211210057,1.16398318847682e-91,-819.615057,157.2792208,3.740740741,128026878,128029444,DOWN,ENSG00000287427
ENSG00000164690,ENSG00000164690,-5.117645273,1.61822950440365e-91,-1736.144543,339.2467532,7.416666667,155799980,155812463,DOWN,SHH
ENSG00000229859,ENSG00000229859,-5.107370301,8.18260111626794e-82,-215.5044949,42.19480519,0.935185185,61203307,61213098,DOWN,PGA3
ENSG00000162896,ENSG00000162896,-5.068749028,1.69619009184419e-90,-3480.519057,686.6623377,17.84259259,206928522,206946466,DOWN,PIGR
ENSG00000168878,ENSG00000168878,-5.005607937,3.3409608777417e-88,-5378.78576,1074.551948,19.38888889,85657314,85668741,DOWN,SFTPB
ENSG00000279411,ENSG00000279411,-4.935320219,6.07597598499877e-73,-109.666661,22.22077922,0.509259259,58103907,58105935,DOWN,ENSG00000279411
ENSG00000189377,ENSG00000189377,-4.930806649,2.53441194262493e-81,-388.7652879,78.84415584,2.074074074,42428278,42442946,DOWN,CXCL17
ENSG00000134812,ENSG00000134812,-4.879823185,1.18009051105186e-69,-90.56191339,18.55844156,0.425925926,59829273,59845499,DOWN,CBLIF
ENSG00000129354,ENSG00000129354,-4.870222205,4.98040644975657e-85,-2428.280141,498.5974026,13.7037037,10572671,10587315,DOWN,AP1M2
ENSG00000137440,ENSG00000137440,-4.71258308,3.55695296526753e-74,-233.1198565,49.46753247,1.203703704,15935577,15938740,DOWN,FGFBP1
ENSG00000122852,ENSG00000122852,-4.679337831,6.65046601869029e-75,-730.2197841,156.0519481,3.305555556,79610939,79615455,DOWN,SFTPA1
ENSG00000183304,ENSG00000183304,-4.677180324,3.18412063786114e-61,-52.20826609,11.16233766,0.259259259,8790795,8801383,DOWN,FAM9A
ENSG00000169344,ENSG00000169344,-4.569030194,3.64893355047276e-58,-44.26618863,9.688311688,0.222222222,20333052,20356301,DOWN,UMOD
ENSG00000236648,ENSG00000236648,-4.566573928,3.66148894410889e-63,-65.05885194,14.24675325,0.481481481,17717625,17749978,DOWN,LINC02810
ENSG00000225174,ENSG00000225174,-4.561752679,1.55030459542126e-68,-133.9200251,29.35714286,0.925925926,108123457,108159392,DOWN,OSTM1-AS1
ENSG00000133115,ENSG00000133115,-4.555704055,4.32561708875764e-63,-74.42955456,16.33766234,0.490740741,38965925,38990859,DOWN,STOML3
ENSG00000185303,ENSG00000185303,-4.554284203,5.64924579187943e-73,-763.8776686,167.7272727,4.351851852,79555852,79560407,DOWN,SFTPA2
ENSG00000106541,ENSG00000106541,-4.532390675,1.40155316995832e-76,-3450.620859,761.3246753,29.83333333,16791811,16833433,DOWN,AGR2
ENSG00000196188,ENSG00000196188,-4.524642726,1.01427325084138e-75,-1464.720869,323.7207792,10.61111111,206008535,206023909,DOWN,CTSE
ENSG00000160307,ENSG00000160307,-4.480787487,2.62272999028267e-75,-11797.68068,2632.948052,98.38888889,46598604,46605208,DOWN,S100B
ENSG00000092054,ENSG00000092054,-4.452482417,1.33241780206598e-74,-41332.39428,9283,232.1018519,23412740,23435660,DOWN,MYH7
ENSG00000258220,ENSG00000258220,-4.446518173,3.88180078615418e-59,-52.78074819,11.87012987,0.324074074,78326680,78359746,DOWN,LINC02424
ENSG00000111245,ENSG00000111245,-4.444183376,2.36473264063776e-74,-16238.20916,3653.811688,96.75,110910819,110921443,DOWN,MYL2
ENSG00000119973,ENSG00000119973,-4.425529978,8.96835744861665e-73,-470.1694544,106.2402597,7.361111111,118589997,118595648,DOWN,PRLHR
ENSG00000115263,ENSG00000115263,-4.405898819,1.03328108689469e-69,-592.2786841,134.4285714,3.805555556,162142882,162152404,DOWN,GCG
ENSG00000250501,ENSG00000250501,-4.36194983,1.96991306599683e-59,-65.59919355,15.03896104,0.453703704,138773537,138803567,DOWN,ENSG00000250501
ENSG00000254293,ENSG00000254293,-4.354480691,7.77024071883461e-64,-61.83928098,14.2012987,0.935185185,154483917,154486150,DOWN,ENSG00000254293
ENSG00000109158,ENSG00000109158,-4.286056208,2.83505819671814e-67,-299.161157,69.7987013,3.314814815,46918900,46993581,DOWN,GABRA4
ENSG00000109132,ENSG00000109132,-4.265635828,3.40628708917472e-53,-40.35734677,9.461038961,0.277777778,41744082,41748725,DOWN,PHOX2B
ENSG00000167757,ENSG00000167757,-4.245334407,9.77123986419211e-63,-187.8973982,44.25974026,1.712962963,51022216,51028039,DOWN,KLK11
ENSG00000196778,ENSG00000196778,-4.236923036,1.11191835305637e-56,-43.82739218,10.34415584,0.472222222,4482646,4493497,DOWN,OR52K1
ENSG00000075388,ENSG00000075388,-4.195156008,2.21088882139634e-51,-36.61227061,8.727272727,0.296296296,69771022,69775341,DOWN,FGF4
ENSG00000184956,ENSG00000184956,-4.171251555,2.19894644374952e-67,-5087.545509,1219.668831,49.5462963,1012823,1036718,DOWN,MUC6
ENSG00000279616,ENSG00000279616,-4.15664874,8.04620901910377e-53,-41.29657514,9.935064935,0.416666667,87356831,87358605,DOWN,ENSG00000279616
ENSG00000148346,ENSG00000148346,-4.149804925,6.15208616481127e-67,-1521.900536,366.7402597,18.89814815,128149071,128153453,DOWN,LCN2
ENSG00000260848,ENSG00000260848,-4.086729655,8.3791421341897e-53,-46.97085383,11.49350649,0.472222222,73543927,73569309,DOWN,ENSG00000260848
ENSG00000157765,ENSG00000157765,-4.080890817,1.88315979284033e-64,-1124.364918,275.5194805,11.85185185,25648011,25678748,DOWN,SLC34A2
ENSG00000164007,ENSG00000164007,-4.041616741,1.68475839590752e-62,-446.7561155,110.538961,5.712962963,42733093,42740254,DOWN,CLDN19
ENSG00000231605,ENSG00000231605,-4.034842652,7.14971071259366e-61,-178.5024869,44.24025974,2.527777778,167175363,167195792,DOWN,LINC01363
ENSG00000161905,ENSG00000161905,-4.027753323,9.36216428958225e-64,-755.8837583,187.6688312,12.94444444,4630919,4642294,DOWN,ALOX15
ENSG00000106341,ENSG00000106341,-4.025218707,2.21622514351231e-62,-498.1338839,123.7532468,6.87962963,31687215,31708455,DOWN,PPP1R17
ENSG00000174460,ENSG00000174460,-4.023823942,8.85731495627303e-64,-3428.167355,851.9675325,49.71296296,118823824,118826968,DOWN,ZCCHC12
ENSG00000158887,ENSG00000158887,-4.005698453,2.1475415317009e-63,-7630.80353,1904.987013,109.1944444,161304735,161309968,DOWN,MPZ
ENSG00000166863,ENSG00000166863,-3.918001593,2.7666425655737e-61,-3483.33239,889.0584416,111.2592593,57010000,57028883,DOWN,TAC3
ENSG00000204983,ENSG00000204983,-3.914053442,7.86137050167892e-57,-158.2395892,40.42857143,2.12962963,142749468,142753076,DOWN,PRSS1
ENSG00000228422,ENSG00000228422,-3.838219149,1.2677232987541e-48,-33.24795029,8.662337662,0.657407407,11800463,11878429,DOWN,LINC00687
ENSG00000167754,ENSG00000167754,-3.817916252,2.52001424637149e-53,-95.10082301,24.90909091,1.231481481,50943303,50953093,DOWN,KLK5
ENSG00000287826,ENSG00000287826,-3.788828491,2.81474898147903e-56,-204.3261079,53.92857143,4.425925926,116289622,116298954,DOWN,LOC124902005
ENSG00000254416,ENSG00000254416,-3.752643298,1.31684876723264e-51,-83.77654323,22.32467532,1.444444444,110355130,110407613,DOWN,ENSG00000254416
ENSG00000205044,ENSG00000205044,-3.750196861,4.6742905868807e-49,-50.62765762,13.5,0.796296296,49009959,49018589,DOWN,ENSG00000205044
ENSG00000101951,ENSG00000101951,-3.702433389,9.27539968933814e-56,-466.3863982,125.9675325,9.37037037,49829260,49834264,DOWN,PAGE4
ENSG00000132698,ENSG00000132698,-3.683641466,7.3872579322546e-54,-346.0709398,93.94805195,7.12962963,156061160,156070504,DOWN,RAB25
ENSG00000206072,ENSG00000206072,-3.674101539,2.87730457870029e-43,-29.58367473,8.051948052,0.5,63647579,63726432,DOWN,SERPINB11
ENSG00000115386,ENSG00000115386,-3.658445981,2.56011163177018e-54,-535.3921887,146.3441558,9.398148148,79120362,79123409,DOWN,REG1A
ENSG00000124260,ENSG00000124260,-3.655588704,9.49033636539867e-52,-174.2576407,47.66883117,2.731481481,152133310,152138578,DOWN,MAGEA10
ENSG00000066405,ENSG00000066405,-3.578016447,6.94988572387026e-53,-1154.862893,322.7662338,23.85185185,137998735,138033655,DOWN,CLDN18
ENSG00000146453,ENSG00000146453,-3.571391259,6.43819183102884e-52,-658.2027709,184.2987013,11.26851852,159800249,159820704,DOWN,PNLDC1
ENSG00000125879,ENSG00000125879,-3.536724615,3.14150555715114e-43,-59.48127762,16.81818182,0.981481481,16748358,16770062,DOWN,OTOR
ENSG00000275896,ENSG00000275896,-3.476650346,2.42599019504397e-50,-1214.682934,349.3831169,24.7037037,142760398,142774564,DOWN,PRSS2
ENSG00000100665,ENSG00000100665,-3.470243123,1.29731405370842e-41,-47.68204187,13.74025974,0.907407407,94561442,94569913,DOWN,SERPINA4
ENSG00000134595,ENSG00000134595,-3.409637883,1.13634203403454e-48,-388.6765781,113.9935065,10.37962963,140502985,140505069,DOWN,SOX3
ENSG00000043039,ENSG00000043039,-3.393132234,1.99009237805424e-48,-775.8815486,228.6623377,20.16666667,129375848,129452279,DOWN,BARX2
ENSG00000186191,ENSG00000186191,-3.365687742,5.891419767172e-48,-6900.009553,2050.103896,158,33079644,33111751,DOWN,BPIFB4
ENSG00000237330,ENSG00000237330,-3.36190113,9.24697523674161e-41,-40.16816935,11.94805195,1.157407407,1070967,1074306,DOWN,RNF223
ENSG00000153266,ENSG00000153266,-3.343995234,4.00467326697858e-45,-108.3758456,32.40909091,3.203703704,62369681,62374324,DOWN,FEZF2
ENSG00000251635,ENSG00000251635,-3.323361934,1.44582708752785e-42,-47.45501878,14.27922078,1.759259259,38564003,38572022,DOWN,ENSG00000251635
ENSG00000196620,ENSG00000196620,-3.312992471,8.90310568219851e-42,-84.33071743,25.45454545,1.907407407,68646597,68670652,DOWN,UGT2B15
ENSG00000151655,ENSG00000151655,-3.312223365,1.97592892028431e-46,-2113.435094,638.0714286,41.7962963,7703316,7749520,DOWN,ITIH2
ENSG00000167183,ENSG00000167183,-3.263412761,1.47615098049778e-43,-124.6454147,38.19480519,4.259259259,47951967,47957883,DOWN,PRR15L
ENSG00000052344,ENSG00000052344,-3.261778623,5.80704449404238e-45,-278.6914489,85.44155844,8.416666667,31131433,31135727,DOWN,PRSS8
ENSG00000170075,ENSG00000170075,-3.259834526,1.44630170238647e-44,-256.5743785,78.70779221,8.351851852,202122917,202133592,DOWN,GPR37L1
ENSG00000102837,ENSG00000102837,-3.25370937,2.65069353193847e-45,-2926.859474,899.5454545,77.80555556,53028813,53052057,DOWN,OLFM4
ENSG00000184811,ENSG00000184811,-3.230628945,1.17695190694135e-44,-752.128179,232.8116883,14.39814815,1279662,1300978,DOWN,TRARG1
ENSG00000248746,ENSG00000248746,-3.225351847,2.69892913275736e-44,-689.9530253,213.9155844,14.59259259,66546395,66563334,DOWN,ACTN3
ENSG00000091138,ENSG00000091138,-3.205731808,8.3385060365038e-42,-73.64856583,22.97402597,3.592592593,107765467,107803225,DOWN,SLC26A3
ENSG00000260034,ENSG00000260034,-3.193778206,6.19086229351031e-44,-1406.029747,440.2402597,42.50925926,25140577,25149032,DOWN,LCMT1-AS2
ENSG00000284837,ENSG00000284837,-3.185772565,2.58766704002949e-40,-80.36835335,25.22727273,2.212962963,5772234,5930696,DOWN,LOC339166
ENSG00000110484,ENSG00000110484,-3.159467804,9.19130353533567e-41,-69.44674362,21.98051948,2.666666667,62270158,62273160,DOWN,SCGB2A2
ENSG00000118322,ENSG00000118322,-3.15542421,9.5375857405632e-42,-181.7647284,57.6038961,5.490740741,160563120,160852214,DOWN,ATP10B
ENSG00000261080,ENSG00000261080,-3.144134154,1.62072428088169e-34,-28.05220992,8.922077922,0.824074074,45573346,45576770,DOWN,ENSG00000261080
ENSG00000198033,ENSG00000198033,-3.142688383,5.04377901380587e-42,-211.8049528,67.3961039,7.62962963,19173772,19181824,DOWN,TUBA3C
ENSG00000172551,ENSG00000172551,-3.081041431,4.15145098673982e-40,-112.478019,36.50649351,4.833333333,54830518,54896008,DOWN,MUCL1
ENSG00000021300,ENSG00000021300,-3.080185641,2.23196300093695e-41,-2346.401416,761.7727273,78.91666667,73646178,73662819,DOWN,PLEKHB1
ENSG00000283422,ENSG00000283422,-3.065014438,4.39503473680597e-38,-66.6143073,21.73376623,2.564814815,96160692,96172126,DOWN,ENSG00000283422
ENSG00000170807,ENSG00000170807,-3.060604809,6.63619982608649e-41,-2300.382373,751.6103896,53.82407407,123655866,123664290,DOWN,LMOD2
ENSG00000135443,ENSG00000135443,-3.060093059,4.57203686405801e-39,-151.5739601,49.53246753,4.546296296,52360006,52367481,DOWN,KRT85
ENSG00000147381,ENSG00000147381,-3.041283926,2.89565347025137e-40,-509.5730464,167.5519481,14.7962963,151912509,151925170,DOWN,MAGEA4
ENSG00000277987,ENSG00000277987,-3.035671755,2.25902610491726e-34,-33.58951085,11.06493506,1.046296296,98323902,98420998,DOWN,ENSG00000277987
ENSG00000232111,ENSG00000232111,-3.034803655,3.02916708697801e-36,-43.11785972,14.20779221,1.518518519,9402751,9404802,DOWN,ENSG00000232111
ENSG00000198643,ENSG00000198643,-3.034598958,6.85146555768228e-38,-95.01841673,31.31168831,3.314814815,58633946,58666834,DOWN,FAM3D
ENSG00000115221,ENSG00000115221,-3.025540122,6.45016919431063e-40,-373.9881932,123.6103896,13.17592593,160099667,160200313,DOWN,ITGB6
ENSG00000006128,ENSG00000006128,-2.992233984,2.79586379760782e-39,-427.2676968,142.7922078,15.39814815,97732084,97740472,DOWN,TAC1
ENSG00000160862,ENSG00000160862,-2.985220386,4.09739155830217e-39,-548.6214763,183.7792208,21.07407407,99966720,99976042,DOWN,AZGP1
ENSG00000125285,ENSG00000125285,-2.982808079,1.03334601178866e-37,-125.5878415,42.1038961,4.953703704,94709622,94712545,DOWN,SOX21
ENSG00000185847,ENSG00000185847,-2.977952244,8.92591927960169e-37,-144.7980935,48.62337662,3.824074074,110934590,110959093,DOWN,LINC01405
ENSG00000070886,ENSG00000070886,-2.977732035,9.41863630843331e-39,-225.959588,75.88311688,10.2037037,22563489,22603595,DOWN,EPHA8
ENSG00000140522,ENSG00000140522,-2.965601712,8.93878149982282e-35,-45.0617403,15.19480519,1.657407407,89209869,89221614,DOWN,RLBP1
ENSG00000173991,ENSG00000173991,-2.940378775,2.64725740708779e-38,-6316.964651,2148.350649,179.1388889,39665349,39666554,DOWN,TCAP
ENSG00000146013,ENSG00000146013,-2.940114342,2.99514338767311e-38,-874.6649252,297.4935065,35.47222222,138252380,138274621,DOWN,GFRA3
ENSG00000165215,ENSG00000165215,-2.932010191,7.07954634799229e-38,-300.6452787,102.538961,15.5462963,73768997,73770270,DOWN,CLDN3
ENSG00000126856,ENSG00000126856,-2.918286835,5.31571875547263e-31,-23.15679554,7.935064935,0.842592593,90056566,90092072,DOWN,PRDM7
ENSG00000115665,ENSG00000115665,-2.915495275,9.48524817357483e-35,-50.52894083,17.33116883,2.148148148,107986523,108013994,DOWN,SLC5A7
ENSG00000105855,ENSG00000105855,-2.882967153,4.52739249275303e-37,-7725.135134,2679.577922,308.6851852,20330702,20415754,DOWN,ITGB8
ENSG00000254349,ENSG00000254349,-2.878434724,4.12908151606793e-35,-76.57757834,26.6038961,3.972222222,74599775,74823313,DOWN,MIR2052HG
ENSG00000227392,ENSG00000227392,-2.871894701,2.91669036512575e-33,-49.3443726,17.18181818,2,35042902,35106307,DOWN,HPN-AS1
ENSG00000206579,ENSG00000206579,-2.852377334,2.3111035474183e-35,-176.8288728,61.99350649,7.037037037,55102028,55542054,DOWN,XKR4
ENSG00000109511,ENSG00000109511,-2.838630356,7.12436591900974e-36,-229.4129442,80.81818182,10.41666667,168092537,168187736,DOWN,ANXA10
ENSG00000116748,ENSG00000116748,-2.835397429,1.01898592496712e-35,-620.6574502,218.8961039,17.30555556,114673090,114695618,DOWN,AMPD1
ENSG00000116147,ENSG00000116147,-2.81608676,1.43486995702075e-35,-636.9293371,226.1753247,42.5462963,175315194,175743616,DOWN,TNR
ENSG00000114854,ENSG00000114854,-2.80848325,2.05025241342346e-35,-6631.722562,2361.318182,184.4907407,52451100,52454041,DOWN,TNNC1
ENSG00000198125,ENSG00000198125,-2.796024562,3.45236770679229e-35,-17515.24197,6264.337662,530.6574074,35606764,35637951,DOWN,MB
ENSG00000172209,ENSG00000172209,-2.773350651,1.128716174709e-31,-72.77344143,26.24025974,2.166666667,107470018,107475684,DOWN,GPR22
ENSG00000109182,ENSG00000109182,-2.76008584,2.9504329056414e-33,-75.07791938,27.2012987,4.25,48986275,49062081,DOWN,CWH43
ENSG00000114771,ENSG00000114771,-2.758327147,6.72280028484624e-34,-152.5856427,55.31818182,7.944444444,151814073,151828488,DOWN,AADAC
ENSG00000104879,ENSG00000104879,-2.757092769,2.32269758373777e-34,-16330.88708,5923.227273,508.7222222,45306413,45322875,DOWN,CKM
ENSG00000236446,ENSG00000236446,-2.75055462,1.06525841506923e-29,-25.71947177,9.350649351,1.25,120872603,120875929,DOWN,CT47B1
ENSG00000168530,ENSG00000168530,-2.749608254,3.43437778028179e-34,-7967.311299,2897.616883,242.3796296,210290150,210315174,DOWN,MYL1
ENSG00000226869,ENSG00000226869,-2.742438505,1.01817685889683e-29,-25.51892453,9.305194805,1.425925926,104738597,104804107,DOWN,LHFPL3-AS1
ENSG00000198758,ENSG00000198758,-2.741476633,1.03564878798119e-30,-43.5431938,15.88311688,2.138888889,109750080,109764027,DOWN,EPS8L3
ENSG00000179178,ENSG00000179178,-2.730023686,7.72470698571109e-32,-88.90304406,32.56493506,4.638888889,43269983,43274002,DOWN,TMEM125
ENSG00000181092,ENSG00000181092,-2.72851338,1.00322934680421e-33,-1613.437289,591.3246753,71.2962963,186842704,186858463,DOWN,ADIPOQ
ENSG00000139287,ENSG00000139287,-2.721660516,1.3696629864049e-31,-78.83978937,28.96753247,4.046296296,71938845,72186618,DOWN,TPH2
ENSG00000168631,ENSG00000168631,-2.710102577,2.70752930130895e-32,-128.4659014,47.4025974,6.407407407,30934523,30954221,DOWN,MUCL3
ENSG00000146926,ENSG00000146926,-2.705315382,3.53914376207447e-31,-101.308791,37.44805195,3.712962963,151175698,151187832,DOWN,ASB10
ENSG00000254135,ENSG00000254135,-2.70176536,2.07414121073445e-27,-21.84219398,8.084415584,0.925925926,158485190,158588546,DOWN,LOC124901122
ENSG00000279965,ENSG00000279965,-2.688437597,5.4270123713118e-30,-43.73075441,16.26623377,2.268518519,110123208,110125234,DOWN,ENSG00000279965
ENSG00000125414,ENSG00000125414,-2.681377075,9.42181298050355e-33,-9829.16225,3665.714286,313.1481481,10521148,10549700,DOWN,MYH2
ENSG00000205632,ENSG00000205632,-2.678652309,2.16548346668636e-26,-20.73346463,7.74025974,0.990740741,48866770,48898386,DOWN,LINC01310
ENSG00000179674,ENSG00000179674,-2.672821818,7.56945458641109e-28,-24.69756784,9.24025974,1.194444444,160677160,160678448,DOWN,ARL14
ENSG00000238062,ENSG00000238062,-2.660780882,6.24564369766952e-30,-58.01884546,21.80519481,2.888888889,230984368,230996032,DOWN,SPATA3-AS1
ENSG00000171759,ENSG00000171759,-2.659729717,1.78461726796579e-30,-87.63291287,32.94805195,4.333333333,102836889,102958410,DOWN,PAH
ENSG00000197616,ENSG00000197616,-2.650696269,8.47925647346659e-32,-344.3495426,129.9090909,14.56481481,23381982,23408273,DOWN,MYH6
ENSG00000118194,ENSG00000118194,-2.631814603,1.22305966778627e-30,-68.59807672,26.06493506,5.87037037,201359008,201377764,DOWN,TNNT2
ENSG00000196091,ENSG00000196091,-2.631283288,1.04892919013574e-31,-10322.91732,3923.149351,348.4259259,101568353,101686028,DOWN,MYBPC1
ENSG00000116183,ENSG00000116183,-2.628196224,1.18050039180355e-31,-5708.510462,2172.025974,335.7037037,176463171,176845601,DOWN,PAPPA2
ENSG00000180264,ENSG00000180264,-2.627240381,4.88596713258635e-31,-123.5144179,47.01298701,8.074074074,124451425,124478589,DOWN,ADGRD2
ENSG00000082175,ENSG00000082175,-2.624934678,1.3696629864049e-31,-5654.262701,2154.058442,342.2962963,101029624,101129813,DOWN,PGR
ENSG00000159173,ENSG00000159173,-2.619988313,1.76227282198143e-31,-8727.044966,3330.948052,354.3703704,201403768,201429866,DOWN,TNNI1
ENSG00000171094,ENSG00000171094,-2.611519267,2.69040185570882e-31,-1467.419459,561.9025974,90,29192774,29921586,DOWN,ALK
ENSG00000092009,ENSG00000092009,-2.611009678,2.82646215046198e-31,-1664.874717,637.6363636,98.30555556,24505353,24508265,DOWN,CMA1
ENSG00000131095,ENSG00000131095,-2.601126137,4.59422088235484e-31,-1138.887878,437.8441558,75.38888889,44903159,44916937,DOWN,GFAP
ENSG00000141433,ENSG00000141433,-2.597255371,5.15082267753204e-31,-1992.533367,767.1688312,121,904871,912172,DOWN,ADCYAP1
ENSG00000145920,ENSG00000145920,-2.59227648,4.54601047372555e-28,-44.03503423,16.98701299,2.351851852,175796310,175884021,DOWN,CPLX2
ENSG00000287723,ENSG00000287723,-2.588710498,2.566337682091e-26,-19.43213854,7.506493506,1.12037037,15165338,15172007,DOWN,ENSG00000287723
ENSG00000180772,ENSG00000180772,-2.586328094,1.04813020560649e-30,-444.6636944,171.9285714,26.85185185,116170744,116174974,DOWN,AGTR2
ENSG00000130287,ENSG00000130287,-2.585180818,1.59550207686573e-30,-437.986706,169.4220779,20.74074074,19211958,19252233,DOWN,NCAN
ENSG00000196296,ENSG00000196296,-2.577226178,1.32865340465963e-30,-3972.994976,1541.577922,159.962963,28878405,28904466,DOWN,ATP2A1
ENSG00000103089,ENSG00000103089,-2.576318546,5.07161476690249e-29,-84.55009048,32.81818182,4.768518519,74712955,74774831,DOWN,FA2H
ENSG00000167653,ENSG00000167653,-2.574446984,1.65888189904073e-30,-783.8355206,304.4675325,45.21296296,142670308,142682725,DOWN,PSCA
ENSG00000198883,ENSG00000198883,-2.573228042,6.24246816499168e-29,-76.77910942,29.83766234,4.814814815,152988824,152994116,DOWN,PNMA5
ENSG00000105523,ENSG00000105523,-2.573102173,7.89940699971752e-28,-48.87223284,18.99350649,2.787037037,48600810,48614854,DOWN,FAM83E
ENSG00000236078,ENSG00000236078,-2.567417713,4.08486970846054e-26,-24.19040975,9.422077922,1.453703704,47608465,47629893,DOWN,LINC01447
ENSG00000154646,ENSG00000154646,-2.562171198,6.38831781207823e-30,-141.834477,55.35714286,9.25,18269116,18485879,DOWN,TMPRSS15
ENSG00000139549,ENSG00000139549,-2.560997628,3.20459459343026e-30,-583.358674,227.7857143,37.93518519,49086656,49094801,DOWN,DHH
ENSG00000283183,ENSG00000283183,-2.560313352,8.86243515553946e-29,-50.27524399,19.63636364,3.768518519,577168,618076,DOWN,LOC105374338
ENSG00000265179,ENSG00000265179,-2.536100903,4.61143010551105e-29,-130.6091965,51.5,8.416666667,902766,906667,DOWN,ENSG00000265179
ENSG00000250788,ENSG00000250788,-2.535034908,1.37425264038839e-26,-41.36716054,16.31818182,2.231481481,34164773,34166954,DOWN,TUBB8P4
ENSG00000173809,ENSG00000173809,-2.529310319,1.37375038873078e-29,-567.370292,224.3181818,45.30555556,32719753,32829580,DOWN,TDRD12
ENSG00000236461,ENSG00000236461,-2.512467658,2.31499001193354e-25,-20.81758917,8.285714286,1.305555556,115119539,115138409,DOWN,LOC101928748
ENSG00000121742,ENSG00000121742,-2.504937327,3.40533597948649e-29,-455.5244796,181.8506494,42.36111111,20221962,20232365,DOWN,GJB6
ENSG00000213937,ENSG00000213937,-2.504417498,5.83713722963747e-29,-217.9818971,87.03896104,18.05555556,3012923,3014505,DOWN,CLDN9
ENSG00000236467,ENSG00000236467,-2.499995147,8.51937917125951e-28,-82.5160736,33.00649351,5.018518519,76888044,76980624,DOWN,KCNMA1-AS1
ENSG00000130701,ENSG00000130701,-2.499626826,4.39857337361997e-24,-21.66884294,8.668831169,1.490740741,62410237,62427539,DOWN,RBBP8NL
ENSG00000253377,ENSG00000253377,-2.499189368,8.03868269190501e-26,-34.09608352,13.64285714,1.972222222,31275542,31390805,DOWN,ENSG00000253377
ENSG00000253877,ENSG00000253877,-2.494256977,3.93762870753332e-25,-26.41644889,10.59090909,1.527777778,110899996,111040372,DOWN,LINC01608
ENSG00000137648,ENSG00000137648,-2.492022029,1.76620935944406e-27,-82.78691362,33.22077922,5.12037037,118077012,118121890,DOWN,TMPRSS4
ENSG00000147724,ENSG00000147724,-2.490751554,1.03915295601464e-28,-297.9521112,119.6233766,19.47222222,138130023,138497261,DOWN,FAM135B
ENSG00000197893,ENSG00000197893,-2.490213576,7.95461238508506e-29,-2960.831602,1188.987013,124.787037,113588714,113664070,DOWN,NRAP
ENSG00000125850,ENSG00000125850,-2.489743864,5.45551651229733e-26,-30.28110557,12.16233766,2.203703704,17956979,18059188,DOWN,OVOL2
ENSG00000101842,ENSG00000101842,-2.477446558,2.20827916418957e-28,-286.8529193,115.7857143,18.00925926,108044970,108079184,DOWN,VSIG1
ENSG00000253313,ENSG00000253313,-2.476429988,1.70692484750628e-25,-32.01670199,12.92857143,2.12962963,43281877,43285617,DOWN,C1orf210
ENSG00000176153,ENSG00000176153,-2.46271522,6.53125732543902e-28,-157.8696406,64.1038961,10.10185185,64939152,64942905,DOWN,GPX2
ENSG00000136535,ENSG00000136535,-2.460724593,6.19418409696421e-27,-87.83508499,35.69480519,5.166666667,161416297,161425870,DOWN,TBR1
ENSG00000168509,ENSG00000168509,-2.458508036,6.22753627609619e-28,-343.9835886,139.9155844,16.08333333,146017468,146036746,DOWN,HJV
ENSG00000198488,ENSG00000198488,-2.458175365,1.42555430914737e-23,-20.47947398,8.331168831,1.231481481,77034398,77041973,DOWN,B3GNT6
ENSG00000224243,ENSG00000224243,-2.455745561,7.24121382865238e-25,-26.08830999,10.62337662,1.583333333,112056845,112108015,DOWN,SOX1-OT
ENSG00000171495,ENSG00000171495,-2.452443202,2.21059780414822e-27,-173.1201951,70.59090909,8.962962963,40998017,41071342,DOWN,MROH2B
ENSG00000164393,ENSG00000164393,-2.448732325,5.98733269076645e-27,-77.38948198,31.6038961,5.166666667,47656436,47697797,DOWN,ENSG00000164393
ENSG00000285741,ENSG00000285741,-2.440195978,7.92497666069719e-22,-21.10611067,8.649350649,1.111111111,51471717,51729716,DOWN,ENSG00000285741
ENSG00000285769,ENSG00000285769,-2.434137875,9.0500415863343e-26,-42.37612756,17.40909091,2.981481481,112637342,112751131,DOWN,ENSG00000285769
ENSG00000120251,ENSG00000120251,-2.41082945,2.99888698783815e-27,-1132.275795,469.6623377,81.32407407,157204182,157366075,DOWN,GRIA2
ENSG00000136943,ENSG00000136943,-2.408000999,3.25961210887953e-27,-2006.490287,833.2597403,144.1018519,97029677,97039643,DOWN,CTSV
ENSG00000204542,ENSG00000204542,-2.396710979,2.16666112526331e-25,-64.13536329,26.75974026,4.009259259,31111223,31112575,DOWN,C6orf15
ENSG00000095596,ENSG00000095596,-2.396458057,1.25238789024679e-26,-138.7922689,57.91558442,9.435185185,93073475,93077885,DOWN,CYP26A1
ENSG00000237515,ENSG00000237515,-2.387302041,1.3845347504746e-26,-285.2980958,119.5064935,19.12037037,12901598,13240416,DOWN,SHISA9
ENSG00000249267,ENSG00000249267,-2.386164498,2.90742945770885e-24,-26.4182498,11.07142857,1.935185185,125958688,125983665,DOWN,LINC00939
ENSG00000186009,ENSG00000186009,-2.385520951,1.72038146111716e-23,-29.26135764,12.26623377,1.916666667,113648804,113658198,DOWN,ATP4B
ENSG00000215568,ENSG00000215568,-2.382072295,7.7650127817873e-23,-17.06120611,7.162337662,1.268518519,16961936,17008222,DOWN,GAB4
ENSG00000235725,ENSG00000235725,-2.377664406,1.6717663627477e-24,-47.64592439,20.03896104,3.175925926,65589566,65640177,DOWN,LINC03050
ENSG00000089199,ENSG00000089199,-2.377018344,1.35450725196211e-26,-1825.565523,768.0064935,132.1666667,5911510,5925353,DOWN,CHGB
ENSG00000287414,ENSG00000287414,-2.36658988,4.99147806771047e-23,-25.80197667,10.9025974,1.87037037,132010195,132017000,DOWN,ENSG00000287414
ENSG00000149043,ENSG00000149043,-2.359219829,8.5114254880858e-26,-139.1939699,59,9.657407407,1828307,1837521,DOWN,SYT8
ENSG00000152086,ENSG00000152086,-2.355918084,8.69341018502748e-23,-18.75555566,7.961038961,1.435185185,130191745,130198439,DOWN,TUBA3E
ENSG00000171956,ENSG00000171956,-2.33666702,1.97219374024874e-25,-119.731425,51.24025974,8.990740741,60004234,60061730,DOWN,FOXB1
ENSG00000136155,ENSG00000136155,-2.331899524,6.30645328017759e-23,-31.19294168,13.37662338,2.101851852,77535674,77645263,DOWN,SCEL
ENSG00000250366,ENSG00000250366,-2.324567952,2.29288769550417e-25,-193.2863157,83.14935065,14.93518519,95876392,95925663,DOWN,TUNAR
ENSG00000268104,ENSG00000268104,-2.324149567,5.79447033701735e-23,-43.41933964,18.68181818,2.925925926,116436606,116461458,DOWN,SLC6A14
ENSG00000124391,ENSG00000124391,-2.324134128,3.47886864297174e-21,-17.53664842,7.545454545,1.018518519,88638572,88640468,DOWN,IL17C
ENSG00000254451,ENSG00000254451,-2.318855011,2.85129645726806e-23,-76.20600785,32.86363636,4,75234740,75298508,DOWN,LOC100130268
ENSG00000186895,ENSG00000186895,-2.317692236,2.13375892840199e-22,-32.34234166,13.95454545,2.064814815,69809968,69819416,DOWN,FGF3
ENSG00000183090,ENSG00000183090,-2.310039981,1.97854491839374e-24,-100.0217311,43.2987013,5.944444444,143577302,143700675,DOWN,FREM3
ENSG00000153820,ENSG00000153820,-2.307368633,3.49452801891586e-25,-244.596058,106.0064935,20.21296296,227979955,228181687,DOWN,SPHKAP
ENSG00000172179,ENSG00000172179,-2.30450489,3.24686732480024e-25,-7632.310696,3311.909091,465.9259259,22287244,22302826,DOWN,PRL
ENSG00000148935,ENSG00000148935,-2.30444384,3.42047031338565e-25,-1836.02822,796.7337662,129.4166667,22625509,22813055,DOWN,GAS2
ENSG00000273540,ENSG00000273540,-2.296404838,1.0825321179851e-24,-169.456783,73.79220779,11.60185185,86079973,87029052,DOWN,AGBL1
ENSG00000163993,ENSG00000163993,-2.293393155,7.84566584258341e-25,-375.7441734,163.8376623,28.28703704,6693878,6697170,DOWN,S100P
ENSG00000163141,ENSG00000163141,-2.29327439,7.6430847185261e-25,-256.668035,111.9220779,25.7037037,151036321,151047720,DOWN,BNIPL
ENSG00000168484,ENSG00000168484,-2.290126909,3.18200208646718e-22,-23.89762301,10.43506494,1.898148148,22156913,22164479,DOWN,SFTPC
ENSG00000105929,ENSG00000105929,-2.28860072,1.01452768562447e-21,-24.7584987,10.81818182,1.944444444,138706294,138799560,DOWN,ATP6V0A4
ENSG00000171431,ENSG00000171431,-2.285211315,1.48660004231094e-22,-19.32042293,8.454545455,2.111111111,40875889,40885242,DOWN,KRT20
ENSG00000182795,ENSG00000182795,-2.281566071,3.93619603138139e-24,-101.8408128,44.63636364,8.277777778,207018522,207032756,DOWN,C1orf116
ENSG00000254366,ENSG00000254366,-2.273510582,1.19636316535972e-23,-96.47656916,42.43506494,7.259259259,77399072,77537290,DOWN,ENSG00000254366
ENSG00000162949,ENSG00000162949,-2.269713211,1.91885405819707e-22,-33.41194707,14.72077922,2.703703704,30722771,30820542,DOWN,CAPN13
ENSG00000095627,ENSG00000095627,-2.269211886,6.86790367545778e-24,-91.13685399,40.16233766,7.361111111,114179270,114232304,DOWN,TDRD1
ENSG00000170178,ENSG00000170178,-2.267545218,2.97708328750666e-24,-210.1896622,92.69480519,16.80555556,176099795,176102489,DOWN,HOXD12
ENSG00000140986,ENSG00000140986,-2.265253343,3.08898450640715e-24,-311.8694894,137.6753247,18.35185185,1943974,1957606,DOWN,RPL3L
ENSG00000130477,ENSG00000130477,-2.265220393,2.09059074513466e-24,-654.0603248,288.7402597,55.34259259,17601328,17688365,DOWN,UNC13A
ENSG00000135374,ENSG00000135374,-2.262738138,1.46806237872605e-22,-36.7915344,16.25974026,3.25,34478791,34525193,DOWN,ELF5
ENSG00000107187,ENSG00000107187,-2.26206043,6.74066080828778e-23,-63.64615482,28.13636364,4.87037037,136196250,136205128,DOWN,LHX3
ENSG00000253474,ENSG00000253474,-2.26038013,4.18988290393435e-23,-34.8450807,15.41558442,3.481481481,49086301,49229174,DOWN,LOC105375826
ENSG00000232258,ENSG00000232258,-2.257381981,7.49997005443884e-21,-16.40266517,7.266233766,1.509259259,8537605,8590193,DOWN,TMEM114
ENSG00000177791,ENSG00000177791,-2.257221792,2.78275070497761e-24,-2183.744826,967.4480519,123.5925926,73631612,73641474,DOWN,MYOZ1
ENSG00000233834,ENSG00000233834,-2.255000913,8.2678910626163e-24,-115.1807609,51.07792208,9.37037037,20217577,20221700,DOWN,GIRGL
ENSG00000166961,ENSG00000166961,-2.240224339,4.60116020567159e-23,-73.89830935,32.98701299,6.472222222,60756867,60776733,DOWN,MS4A15
ENSG00000241168,ENSG00000241168,-2.234422938,2.57876653857737e-22,-38.56555954,17.25974026,3.055555556,163026396,163232149,DOWN,ENSG00000241168
ENSG00000103067,ENSG00000103067,-2.232781943,1.96070858399234e-23,-109.3193237,48.96103896,10.5,68229033,68238102,DOWN,ESRP2
ENSG00000165078,ENSG00000165078,-2.230814178,1.07473506131694e-23,-315.7616068,141.5454545,23.27777778,67422038,67746378,DOWN,CPA6
ENSG00000185634,ENSG00000185634,-2.227832072,9.9053936238486e-24,-791.9075028,355.461039,68.75925926,48823741,48963919,DOWN,SHC4
ENSG00000226673,ENSG00000226673,-2.225385977,5.13160188316859e-23,-57.55657369,25.86363636,7.296296296,14280127,14285454,DOWN,LINC01108
ENSG00000063515,ENSG00000063515,-2.22106945,2.47843594900391e-21,-23.39334187,10.53246753,1.935185185,19146993,19150292,DOWN,GSC2
ENSG00000132975,ENSG00000132975,-2.217351429,1.23277818610148e-20,-20.05695157,9.045454545,1.777777778,26755200,26760786,DOWN,GPR12
ENSG00000008196,ENSG00000008196,-2.216606884,1.88849393758344e-23,-132.7373291,59.88311688,12.58333333,50818723,50847619,DOWN,TFAP2B
ENSG00000287430,ENSG00000287430,-2.210904999,2.38638549366932e-23,-311.5079005,140.8961039,30.44444444,19208652,19212164,DOWN,ENSG00000287430
ENSG00000176988,ENSG00000176988,-2.210314691,2.35749620874797e-22,-59.86508165,27.08441558,5.490740741,147981337,148026665,DOWN,FMR1NB
ENSG00000154415,ENSG00000154415,-2.205614332,8.31027512076337e-23,-144.4820609,65.50649351,8.259259259,113876777,114075920,DOWN,PPP1R3A
ENSG00000188089,ENSG00000188089,-2.199343599,2.34394048745078e-19,-16.82355038,7.649350649,1.296296296,41981582,42051190,DOWN,PLA2G4E
ENSG00000005001,ENSG00000005001,-2.189821458,5.42610089631382e-22,-58.78390848,26.84415584,5.25,2852730,2858170,DOWN,PRSS22
ENSG00000182968,ENSG00000182968,-2.179579275,9.55801042822926e-23,-157.1844638,72.11688312,14.37037037,112067149,112071706,DOWN,SOX1
ENSG00000105695,ENSG00000105695,-2.172817768,9.33651628537632e-23,-394.3240972,181.4805195,44.27777778,35292125,35313807,DOWN,MAG
ENSG00000130957,ENSG00000130957,-2.171467393,4.17440057885036e-21,-55.03400801,25.34415584,3.481481481,94558720,94593824,DOWN,FBP2
ENSG00000075043,ENSG00000075043,-2.170855037,1.13812271812106e-22,-1323.23482,609.5454545,105.5462963,63400208,63472677,DOWN,KCNQ2
ENSG00000286523,ENSG00000286523,-2.168969555,6.76209016619023e-21,-29.57685757,13.63636364,2.666666667,96127747,96372889,DOWN,ENSG00000286523
ENSG00000248370,ENSG00000248370,-2.168877003,2.4326590153992e-19,-20.25224111,9.337662338,1.842592593,188159705,188161157,DOWN,LINC02434
ENSG00000285972,ENSG00000285972,-2.166792898,3.198074230216e-19,-18.38959947,8.487012987,1.527777778,84167228,84172093,DOWN,CERNA2
ENSG00000145808,ENSG00000145808,-2.164986032,1.48660004231094e-22,-908.0991736,419.4480519,80.2037037,129460281,129738683,DOWN,ADAMTS19
ENSG00000185736,ENSG00000185736,-2.163799906,2.44305903102246e-22,-130.7272359,60.41558442,12.33333333,1177313,1737525,DOWN,ADARB2
ENSG00000223486,ENSG00000223486,-2.163218377,3.58864772739829e-21,-40.04763373,18.51298701,3.944444444,40009276,40012182,DOWN,LINC03053
ENSG00000165556,ENSG00000165556,-2.158070059,1.13414243659578e-21,-63.27069035,29.31818182,5.87037037,27960918,27969315,DOWN,CDX2
ENSG00000279353,ENSG00000279353,-2.157267128,2.10827339829182e-22,-288.9197047,133.9285714,31.91666667,74698231,74699658,DOWN,ENSG00000279353
ENSG00000164120,ENSG00000164120,-2.152860711,2.20348755946893e-22,-2724.738802,1265.636364,267.212963,174490175,174523154,DOWN,HPGD
ENSG00000118017,ENSG00000118017,-2.150400753,7.61553126989499e-21,-44.75347022,20.81168831,4.037037037,138123713,138132390,DOWN,A4GNT
ENSG00000286616,ENSG00000286616,-2.14938793,2.29303787219371e-21,-77.18256659,35.90909091,7.027777778,111505307,111511071,DOWN,ENSG00000286616
ENSG00000134548,ENSG00000134548,-2.148087619,2.89546462705732e-22,-846.8626209,394.2402597,52.14814815,21526296,21541249,DOWN,SPX
ENSG00000174358,ENSG00000174358,-2.144214262,9.70706718964287e-21,-58.43680038,27.25324675,4.555555556,1201595,1225111,DOWN,SLC6A19
ENSG00000187135,ENSG00000187135,-2.142803842,9.60202589648694e-22,-131.0310635,61.14935065,10.41666667,29526499,29564479,DOWN,VSTM2B
ENSG00000112333,ENSG00000112333,-2.141168521,6.1477118205632e-22,-113.1899541,52.86363636,11.17592593,108166022,108188805,DOWN,NR2E1
ENSG00000182348,ENSG00000182348,-2.135420812,2.16584375233494e-19,-23.03203876,10.78571429,1.842592593,88759700,89338528,DOWN,ZNF804B
ENSG00000163435,ENSG00000163435,-2.133578397,5.73417079206268e-22,-350.0315468,164.0584416,35.90740741,202007945,202017183,DOWN,ELF3
ENSG00000273706,ENSG00000273706,-2.132921761,1.68938303432838e-21,-128.8201642,60.3961039,11.18518519,36936785,36944612,DOWN,LHX1
ENSG00000283703,ENSG00000283703,-2.121927539,1.78582311420753e-19,-23.82345919,11.22727273,2.277777778,125946056,125958647,DOWN,VSIG10L2
ENSG00000113296,ENSG00000113296,-2.120308734,8.35089877936286e-22,-30539.4538,14403.30519,2946.5,79991311,80083287,DOWN,THBS4
ENSG00000065361,ENSG00000065361,-2.117562107,9.803451308765e-22,-1551.33425,732.6038961,158.6481481,56076799,56103505,DOWN,ERBB3
ENSG00000168329,ENSG00000168329,-2.110516176,1.36977535053547e-21,-1208.174578,572.4545455,119.3333333,39263495,39281735,DOWN,CX3CR1
ENSG00000122584,ENSG00000122584,-2.10882028,1.64268434955997e-19,-17.10335409,8.11038961,1.953703704,8433609,8752961,DOWN,NXPH1
ENSG00000183091,ENSG00000183091,-2.104407783,1.6393554457939e-21,-9168.35811,4356.74026,608.4259259,151485336,151734487,DOWN,NEB
ENSG00000175868,ENSG00000175868,-2.104182135,1.94967993851394e-21,-334.0047551,158.7337662,33.12037037,14904997,15082342,DOWN,CALCB
ENSG00000175707,ENSG00000175707,-2.101901259,5.09387253708438e-20,-37.39746395,17.79220779,4.046296296,26949562,26960468,DOWN,KDF1
ENSG00000180999,ENSG00000180999,-2.097087322,1.94262358806349e-18,-21.67898062,10.33766234,1.898148148,172420685,172468831,DOWN,C1orf105
ENSG00000184571,ENSG00000184571,-2.074881921,3.60821580502833e-20,-79.82906091,38.47402597,7.62037037,24719034,24774720,DOWN,PIWIL3
ENSG00000109205,ENSG00000109205,-2.073963281,9.50746461684973e-21,-238.9232634,115.2012987,22.18518519,70196496,70204576,DOWN,ODAM
ENSG00000100448,ENSG00000100448,-2.070254903,6.80453799119655e-21,-3449.125327,1666.038961,362.2777778,24573518,24576250,DOWN,CTSG
ENSG00000163873,ENSG00000163873,-2.070218298,6.95573253632113e-21,-1767.415265,853.7337662,177.9907407,36795527,37034515,DOWN,GRIK3
ENSG00000081248,ENSG00000081248,-2.069782408,8.65203753476897e-21,-668.2171543,322.8441558,44.85185185,201039512,201112451,DOWN,CACNA1S
ENSG00000070731,ENSG00000070731,-2.067121524,9.57167412555049e-21,-277.1687815,134.0844156,29.09259259,76565377,76586956,DOWN,ST6GALNAC2
ENSG00000119614,ENSG00000119614,-2.065251616,5.44185062020297e-19,-29.86568408,14.46103896,2.787037037,74239449,74262738,DOWN,VSX2
ENSG00000215018,ENSG00000215018,-2.06087247,1.20655935429564e-20,-317.6553885,154.1363636,34.64814815,7356203,7535873,DOWN,COL28A1
ENSG00000142273,ENSG00000142273,-2.060083935,2.18146103410685e-19,-40.38567142,19.6038961,4.444444444,44777869,44800652,DOWN,CBLC
ENSG00000169562,ENSG00000169562,-2.058308521,3.30118544480891e-19,-37.87822304,18.4025974,3.962962963,71212811,71225516,DOWN,GJB1
ENSG00000163833,ENSG00000163833,-2.057596868,1.34987965312023e-20,-450.0792733,218.7402597,33.75,121593379,121630295,DOWN,FBXO40
ENSG00000211673,ENSG00000211673,-2.052681856,1.37784111903196e-20,-4021.936857,1959.357143,466.0648148,22880706,22881396,DOWN,ENSG00000211673
ENSG00000089356,ENSG00000089356,-2.052318428,9.25820181233972e-20,-59.07745188,28.78571429,6.194444444,35115879,35124324,DOWN,FXYD3
ENSG00000171540,ENSG00000171540,-2.048870855,1.25217691577778e-19,-55.14655647,26.91558442,5.833333333,77628712,77638713,DOWN,OTP
ENSG00000175785,ENSG00000175785,-2.048572773,1.62681396664459e-20,-2066.823694,1008.909091,246.1203704,93718298,93788485,DOWN,PRIMA1
ENSG00000138100,ENSG00000138100,-2.042449211,2.66363880585427e-20,-519.1667167,254.1883117,42.63888889,27282429,27307439,DOWN,TRIM54
ENSG00000228058,ENSG00000228058,-2.041861717,4.71111742596016e-19,-38.9147022,19.05844156,4.268518519,230002372,230007195,DOWN,LINC01736
ENSG00000272180,ENSG00000272180,-2.033564064,4.08140966346318e-19,-33.93675094,16.68831169,4.12962963,55952158,56181652,DOWN,ENSG00000272180
ENSG00000198173,ENSG00000198173,-2.027157485,8.85967458276445e-17,-15.50643843,7.649350649,1.268518519,37008366,37011664,DOWN,FAM47C
ENSG00000151962,ENSG00000151962,-2.025149653,4.97240450294305e-18,-20.01479073,9.883116883,2.240740741,154781213,154828813,DOWN,RBM46
ENSG00000263961,ENSG00000263961,-2.020220935,6.65544230684377e-20,-311.7174665,154.2987013,35.77777778,206053173,206102449,DOWN,RHEX
ENSG00000113303,ENSG00000113303,-2.018688571,1.01805043327202e-19,-87.51146041,43.35064935,10.68518519,180899077,180950906,DOWN,BTNL8
ENSG00000178597,ENSG00000178597,-2.018415181,1.7155285239404e-18,-42.05905401,20.83766234,4.305555556,7430285,7434930,DOWN,PSAPL1
ENSG00000106436,ENSG00000106436,-2.002701586,9.78580165191893e-18,-28.57100898,14.26623377,2.740740741,101613330,101629296,DOWN,MYL10
ENSG00000221986,ENSG00000221986,-2.000586563,2.125565936099e-18,-29.8009453,14.8961039,4.185185185,109292365,109307011,DOWN,MYBPHL
ENSG00000113196,ENSG00000113196,-1.998480332,1.70004295815698e-19,-223.0900999,111.6298701,36.25925926,154474972,154478227,DOWN,HAND1
ENSG00000163586,ENSG00000163586,-1.994260231,1.41684057739654e-17,-22.18290764,11.12337662,3.083333333,88122982,88128062,DOWN,FABP1
ENSG00000259831,ENSG00000259831,-1.991559407,1.21327716821897e-17,-23.05811963,11.57792208,2.574074074,110809676,110813084,DOWN,LINC00567
ENSG00000229400,ENSG00000229400,-1.991321873,7.3469017139974e-18,-27.93022887,14.02597403,3.314814815,224717504,224730662,DOWN,ENSG00000229400
ENSG00000120729,ENSG00000120729,-1.985069011,3.80335918353689e-19,-221.8250169,111.7467532,17.48148148,137867858,137887851,DOWN,MYOT
ENSG00000146809,ENSG00000146809,-1.983152681,1.37514695686992e-17,-40.68038518,20.51298701,3.111111111,123567010,123639481,DOWN,ASB15
ENSG00000163751,ENSG00000163751,-1.983112891,2.31729805598496e-19,-5163.704033,2603.837662,621.4814815,148865296,148897203,DOWN,CPA3
ENSG00000088386,ENSG00000088386,-1.979835047,1.77077272289628e-18,-60.61637823,30.61688312,6.842592593,98683801,98752672,DOWN,SLC15A1
ENSG00000000005,ENSG00000000005,-1.977569629,2.89148405913329e-19,-3075.043725,1554.961039,367.3611111,100584936,100599885,DOWN,TNMD
ENSG00000180209,ENSG00000180209,-1.977231774,3.11756792906371e-19,-1913.395434,967.7142857,146.7407407,30370934,30377991,DOWN,MYL11
ENSG00000260918,ENSG00000260918,-1.974508029,6.89933694490313e-19,-141.5106826,71.66883117,13.74074074,47431960,47438959,DOWN,ENSG00000260918
ENSG00000112761,ENSG00000112761,-1.972012652,6.69657171278795e-19,-100.5982558,51.01298701,12.99074074,112054075,112069686,DOWN,CCN6
ENSG00000286010,ENSG00000286010,-1.970664327,4.09514523957251e-18,-42.97071955,21.80519481,5.111111111,127663280,127670990,DOWN,LOC105375754
ENSG00000095917,ENSG00000095917,-1.966485457,5.63422722264025e-19,-411.4296197,209.2207792,46.75,1256059,1259008,DOWN,TPSD1
ENSG00000249421,ENSG00000249421,-1.96601673,3.64690396508005e-18,-55.31656162,28.13636364,6.527777778,129424782,129461076,DOWN,ADAMTS19-AS1
ENSG00000258754,ENSG00000258754,-1.960452046,7.01488606535013e-19,-368.1448878,187.7857143,46.2037037,93718542,94070898,DOWN,ENSG00000258754
ENSG00000148735,ENSG00000148735,-1.956048956,1.3189648412311e-18,-94.46192262,48.29220779,12.22222222,113751262,113783429,DOWN,PLEKHS1
ENSG00000171201,ENSG00000171201,-1.95435918,1.29350484391163e-18,-109.5329486,56.04545455,12.4537037,70370093,70390244,DOWN,SMR3B
ENSG00000227128,ENSG00000227128,-1.954055381,1.23277091841403e-18,-141.7578358,72.54545455,15.40740741,101229577,101270148,DOWN,ENSG00000227128
ENSG00000169436,ENSG00000169436,-1.950537485,8.35053342832545e-19,-3347.185653,1716.032468,436.1296296,138588235,138914041,DOWN,COL22A1
ENSG00000253706,ENSG00000253706,-1.950051542,6.15880855216563e-18,-45.58562045,23.37662338,5.555555556,74798784,74866939,DOWN,ENSG00000253706
ENSG00000167748,ENSG00000167748,-1.947761872,1.1014663175919e-18,-406.0198157,208.4545455,49.01851852,50819146,50823787,DOWN,KLK1
ENSG00000163157,ENSG00000163157,-1.946252168,1.3037923312343e-18,-430.5893352,221.2402597,37.62962963,151169986,151176284,DOWN,TMOD4
ENSG00000240253,ENSG00000240253,-1.944482064,5.74164533097633e-17,-20.73272435,10.66233766,2.37962963,130690133,130718831,DOWN,FAR2P3
ENSG00000230525,ENSG00000230525,-1.94376198,9.12794710332928e-17,-19.33664515,9.948051948,2.185185185,66904436,66971462,DOWN,LINC01799
ENSG00000280165,ENSG00000280165,-1.93727815,3.15242356417772e-17,-29.70073839,15.33116883,3.527777778,61409685,61415522,DOWN,PCDH20
ENSG00000100170,ENSG00000100170,-1.935709675,1.31139282378306e-17,-40.27281687,20.80519481,5.490740741,32043261,32113029,DOWN,SLC5A1
ENSG00000106038,ENSG00000106038,-1.933513584,6.32218865963284e-18,-65.85245939,34.05844156,8.046296296,27242700,27250493,DOWN,EVX1
ENSG00000171234,ENSG00000171234,-1.930159726,3.06545156517426e-18,-87.85986804,45.51948052,11.72222222,69051363,69112987,DOWN,UGT2B7
ENSG00000136457,ENSG00000136457,-1.929111099,2.33092654835636e-18,-362.409826,187.8636364,47.86111111,50464496,50468906,DOWN,CHAD
ENSG00000184697,ENSG00000184697,-1.927378765,1.30896581791322e-17,-44.66762864,23.17532468,6.722222222,3014712,3020071,DOWN,CLDN6
ENSG00000235335,ENSG00000235335,-1.923853022,2.31374980660187e-16,-18.7763058,9.75974026,2.268518519,167814757,167941180,DOWN,B3GALT1-AS1
ENSG00000167768,ENSG00000167768,-1.923064894,3.26890831857049e-18,-192.3439517,100.0194805,25.39814815,52674736,52680407,DOWN,KRT1
ENSG00000260802,ENSG00000260802,-1.922248578,2.50315049960698e-18,-25860.95876,13453.49351,3742.546296,111511662,111522399,DOWN,SERTM2
ENSG00000158055,ENSG00000158055,-1.920633414,4.53849200187588e-18,-108.3287132,56.4025974,14.52777778,24319357,24364482,DOWN,GRHL3
ENSG00000160808,ENSG00000160808,-1.919151884,3.11144440763959e-18,-1082.214732,563.9025974,106.9444444,46835111,46882172,DOWN,MYL3
ENSG00000165588,ENSG00000165588,-1.917182483,4.27116952444782e-18,-207.3918375,108.1753247,21.90740741,56799905,56816693,DOWN,OTX2
ENSG00000135447,ENSG00000135447,-1.915850818,3.31173774955706e-18,-1539.522979,803.5714286,195.5462963,54575387,54588659,DOWN,PPP1R1A
ENSG00000113494,ENSG00000113494,-1.9123552,3.72975240585787e-18,-3367.185628,1760.753247,419.7685185,35048756,35230487,DOWN,PRLR
ENSG00000275830,ENSG00000275830,-1.904874798,9.56742464979504e-17,-37.7511551,19.81818182,4.333333333,109988097,110129136,DOWN,ENSG00000275830
ENSG00000124701,ENSG00000124701,-1.899810277,8.27044416959438e-18,-335.2548317,176.4675325,30.2037037,41053304,41064511,DOWN,APOBEC2
ENSG00000128564,ENSG00000128564,-1.896914446,6.7706758491301e-18,-1871.921983,986.8246753,240.3703704,101162509,101165569,DOWN,VGF
ENSG00000243902,ENSG00000243902,-1.892316632,3.14912838763595e-15,-14.38897906,7.603896104,1.694444444,37339583,37427445,DOWN,ELFN2
ENSG00000185479,ENSG00000185479,-1.890477553,1.2333107850506e-17,-106.0631562,56.1038961,13.39814815,52446651,52452146,DOWN,KRT6B
ENSG00000198022,ENSG00000198022,-1.889008919,8.02783767010048e-16,-14.47422418,7.662337662,1.944444444,135673591,135686151,DOWN,ENSG00000198022
ENSG00000229967,ENSG00000229967,-1.887755513,6.41983882865035e-16,-23.85436512,12.63636364,2.814814815,151904431,151913968,DOWN,ENSG00000229967
ENSG00000163630,ENSG00000163630,-1.886209225,1.09644859688234e-16,-33.54757836,17.78571429,4.074074074,63228315,63616924,DOWN,SYNPR
ENSG00000156687,ENSG00000156687,-1.882898106,1.20918373672815e-17,-1563.991409,830.6298701,188.8796296,35235475,35796550,DOWN,UNC5D
ENSG00000134438,ENSG00000134438,-1.876673459,4.45550823918361e-17,-73.79957447,39.32467532,8.37037037,59267035,59274086,DOWN,RAX
ENSG00000214039,ENSG00000214039,-1.873174282,2.70053419492226e-15,-18.47630997,9.863636364,2.222222222,130032928,130045057,DOWN,LINC02418
ENSG00000104435,ENSG00000104435,-1.869895028,2.0272537217709e-17,-2263.714348,1210.61039,234.7962963,79611117,79666158,DOWN,STMN2
ENSG00000143632,ENSG00000143632,-1.869054198,1.94159535652927e-17,-27772.61615,14859.18182,2916.722222,229431245,229434098,DOWN,ACTA1
ENSG00000172016,ENSG00000172016,-1.867821183,3.98900647165935e-15,-16.14331165,8.642857143,1.888888889,79157003,79159753,DOWN,REG3A
ENSG00000280809,ENSG00000280809,-1.866405692,3.35724332790086e-15,-20.49410406,10.98051948,1.962962963,25651712,25732935,DOWN,LINC00836
ENSG00000258952,ENSG00000258952,-1.865806806,1.3069728856148e-16,-61.91086219,33.18181818,7.407407407,60639216,60642589,DOWN,ENSG00000258952
ENSG00000124664,ENSG00000124664,-1.861495242,8.39214287777526e-17,-70.61594287,37.93506494,9.388888889,34537802,34556333,DOWN,SPDEF
ENSG00000082556,ENSG00000082556,-1.860702814,3.98016465089716e-17,-162.9444036,87.57142857,19.80555556,53225724,53251637,DOWN,OPRK1
ENSG00000249574,ENSG00000249574,-1.857753991,1.03174187689323e-15,-24.45238533,13.16233766,2.944444444,379359,382712,DOWN,LOC442497
ENSG00000151834,ENSG00000151834,-1.854110741,5.2167548742399e-17,-275.6123577,148.6493506,31.51851852,46243548,46475230,DOWN,GABRA2
ENSG00000132470,ENSG00000132470,-1.851451884,3.8891891963721e-17,-3905.373256,2109.357143,579.9907407,75721328,75757818,DOWN,ITGB4
ENSG00000111249,ENSG00000111249,-1.849800094,4.78435940644924e-17,-557.606623,301.4415584,67.80555556,111034165,111350554,DOWN,CUX2
ENSG00000083307,ENSG00000083307,-1.849369211,1.02097452900098e-16,-58.35120129,31.55194805,9.259259259,101492439,101669726,DOWN,GRHL2
ENSG00000172005,ENSG00000172005,-1.847882789,5.24391259407051e-17,-568.7159266,307.7662338,67.74074074,95025677,95053992,DOWN,MAL
ENSG00000259417,ENSG00000259417,-1.844912004,5.96067403920945e-17,-231.3208175,125.3831169,31.78703704,80195481,80252213,DOWN,CTXND1
ENSG00000155657,ENSG00000155657,-1.842028574,5.54039921264353e-17,-9561.061273,5190.506494,895.2777778,178525989,178830802,DOWN,TTN
ENSG00000205927,ENSG00000205927,-1.83899713,5.73535479060961e-16,-38.72641358,21.05844156,5.009259259,33025935,33029196,DOWN,OLIG2
ENSG00000244040,ENSG00000244040,-1.832603706,1.3069728856148e-16,-92.01098608,50.20779221,13.51851852,159902045,160225299,DOWN,IL12A-AS1
ENSG00000129451,ENSG00000129451,-1.830312468,1.55283774532362e-16,-100.7028412,55.01948052,12.11111111,51012739,51020175,DOWN,KLK10
ENSG00000138109,ENSG00000138109,-1.829977378,5.39277772473295e-16,-48.19732626,26.33766234,6.592592593,94938658,94990091,DOWN,CYP2C9
ENSG00000137975,ENSG00000137975,-1.822107109,1.30024638824812e-16,-432.4546419,237.3376623,62.27777778,86424171,86456553,DOWN,CLCA2
ENSG00000172818,ENSG00000172818,-1.820526818,2.05923632194767e-14,-13.96131281,7.668831169,1.740740741,65787063,65797214,DOWN,OVOL1
ENSG00000220666,ENSG00000220666,-1.818784441,1.67609936508443e-14,-18.29413701,10.05844156,2.194444444,56431950,56433213,DOWN,ENSG00000220666
ENSG00000108602,ENSG00000108602,-1.816409663,1.62888847814215e-16,-373.6614164,205.7142857,56.39814815,19737984,19748943,DOWN,ALDH3A1
ENSG00000116299,ENSG00000116299,-1.813535412,1.74477479544202e-16,-599.2910203,330.4545455,105.6759259,109113679,109206781,DOWN,ELAPOR1
ENSG00000203837,ENSG00000203837,-1.80398685,5.20033600107793e-16,-119.1451315,66.04545455,14.2037037,116427847,116477957,DOWN,PNLIPRP3
ENSG00000139144,ENSG00000139144,-1.802782182,2.8165019691912e-16,-365.0048599,202.4675325,47.69444444,18242961,18648416,DOWN,PIK3C2G
ENSG00000165478,ENSG00000165478,-1.798407328,3.54816275100963e-14,-16.23237783,9.025974026,2.212962963,124919205,124936412,DOWN,HEPACAM
ENSG00000163092,ENSG00000163092,-1.796535694,3.20626478373624e-16,-2171.405031,1208.662338,220.9351852,166888480,167259753,DOWN,XIRP2
ENSG00000111404,ENSG00000111404,-1.792921761,3.83828381954595e-16,-800.4464275,446.4480519,79.67592593,18080869,18320107,DOWN,RERGL
ENSG00000079393,ENSG00000079393,-1.79128892,5.71689919167835e-16,-157.9707456,88.18831169,19.31481481,75094432,75109221,DOWN,DUSP13B
ENSG00000110680,ENSG00000110680,-1.790258826,3.9763877677004e-16,-749.6534457,418.7402597,114.3703704,14966668,14972351,DOWN,CALCA
ENSG00000262786,ENSG00000262786,-1.786388598,1.96705968612916e-13,-16.6226939,9.305194805,1.62037037,14295512,14297600,DOWN,ENSG00000262786
ENSG00000184471,ENSG00000184471,-1.785362396,1.7351383640569e-14,-32.31042206,18.0974026,3.453703704,1088226,1096244,DOWN,C1QTNF8
ENSG00000157017,ENSG00000157017,-1.780344188,8.79559404118198e-16,-161.8610323,90.91558442,22.57407407,10285666,10292947,DOWN,GHRL
ENSG00000169676,ENSG00000169676,-1.77927865,1.4508467316815e-15,-69.19545347,38.88961039,8.574074074,9781634,9784009,DOWN,DRD5
ENSG00000132746,ENSG00000132746,-1.777599904,2.27967122391625e-14,-15.85988486,8.922077922,2.574074074,67662160,67681224,DOWN,ALDH3B2
ENSG00000242808,ENSG00000242808,-1.776894344,8.22264726910176e-16,-186.8739012,105.1688312,28.75,180989762,181836880,DOWN,SOX2-OT
ENSG00000167281,ENSG00000167281,-1.775846916,6.93580302359653e-16,-1434.169357,807.5974026,199.287037,79089345,79516148,DOWN,RBFOX3
ENSG00000133661,ENSG00000133661,-1.774030133,1.23560235325951e-15,-119.712475,67.48051948,18.13888889,79937467,79982614,DOWN,SFTPD
ENSG00000179915,ENSG00000179915,-1.770121257,8.34968253737414e-16,-879.1180785,496.6428571,145.6111111,49918503,51225575,DOWN,NRXN1
ENSG00000131400,ENSG00000131400,-1.767862021,1.92136713006329e-15,-94.94796606,53.70779221,14.15740741,50358477,50365830,DOWN,NAPSA
ENSG00000287315,ENSG00000287315,-1.76707096,1.48442432369238e-15,-167.9176391,95.02597403,19.08333333,228357012,228368554,DOWN,LOC101927401
ENSG00000162009,ENSG00000162009,-1.765228724,1.48953337669665e-14,-34.44488517,19.51298701,4.324074074,1078781,1080142,DOWN,SSTR5
ENSG00000080293,ENSG00000080293,-1.761052478,2.3901304205258e-15,-101.1690342,57.44805195,11.57407407,119439843,119525301,DOWN,SCTR
ENSG00000077279,ENSG00000077279,-1.76059716,1.17713466408189e-15,-7142.696949,4056.974026,966.3055556,111293779,111412429,DOWN,DCX
ENSG00000127129,ENSG00000127129,-1.755952798,2.57557342594782e-15,-73.59038544,41.90909091,11.93518519,41478775,41484683,DOWN,EDN2
ENSG00000181072,ENSG00000181072,-1.751223172,1.6808602461989e-15,-1044.536392,596.461039,187.5555556,136868669,137020255,DOWN,CHRM2
ENSG00000130545,ENSG00000130545,-1.75111524,9.50112541494964e-15,-37.53526888,21.43506494,6.268518519,6463777,6467221,DOWN,CRB3
ENSG00000102313,ENSG00000102313,-1.747512721,3.50221009374258e-14,-20.15313371,11.53246753,3.083333333,54748918,54798255,DOWN,ITIH6
ENSG00000123560,ENSG00000123560,-1.741751545,2.35650278817861e-15,-3490.95643,2004.279221,586.8611111,103773718,103792619,DOWN,PLP1
ENSG00000243566,ENSG00000243566,-1.741327753,4.53886478931416e-15,-79.49048118,45.64935065,14.2037037,76510525,76516522,DOWN,UPK3B
ENSG00000249066,ENSG00000249066,-1.74051719,8.65363490041747e-14,-20.99922687,12.06493506,3.055555556,60750575,60796103,DOWN,LINC02496
ENSG00000139155,ENSG00000139155,-1.73943989,3.34381824358417e-15,-185.5440199,106.6688312,30.07407407,20695332,20753386,DOWN,SLCO1C1
ENSG00000204687,ENSG00000204687,-1.737916134,3.03830441900501e-14,-23.36030128,13.44155844,3.796296296,29486697,29487956,DOWN,MAS1L
ENSG00000227640,ENSG00000227640,-1.736349938,9.78299446624145e-15,-51.91009815,29.8961039,8.138888889,94703454,94803430,DOWN,SOX21-AS1
ENSG00000249926,ENSG00000249926,-1.733661688,2.22785717268585e-13,-12.8561146,7.415584416,1.972222222,131662596,131664704,DOWN,ENSG00000249926
ENSG00000100604,ENSG00000100604,-1.733343877,4.20591596739133e-15,-212.2558366,122.4545455,31.7962963,92923150,92935285,DOWN,CHGA
ENSG00000203395,ENSG00000203395,-1.726774396,1.08014728176226e-14,-51.80323188,30,8.046296296,68361214,68365584,DOWN,ENSG00000203395
ENSG00000286134,ENSG00000286134,-1.726246752,6.36309680222961e-13,-12.57694062,7.285714286,1.916666667,24135160,24271863,DOWN,ENSG00000286134
ENSG00000171346,ENSG00000171346,-1.720508074,6.43927256437125e-15,-185.0104786,107.5324675,30.23148148,41513745,41522529,DOWN,KRT15
ENSG00000283286,ENSG00000283286,-1.720018129,3.06334790611253e-14,-22.87400732,13.2987013,4.25,40415137,40431491,DOWN,ENSG00000283286
ENSG00000070526,ENSG00000070526,-1.715564336,1.29109422899829e-14,-78.35895804,45.67532468,12.26851852,76624761,76643786,DOWN,ST6GALNAC1
ENSG00000170290,ENSG00000170290,-1.71437312,6.91137383628549e-15,-1036.594594,604.6493506,128.5462963,107707378,107719693,DOWN,SLN
ENSG00000046653,ENSG00000046653,-1.708825834,7.84135530211203e-15,-4928.275898,2884.012987,787.1851852,13770939,13938638,DOWN,GPM6B
ENSG00000012171,ENSG00000012171,-1.708043275,8.02433776558222e-15,-7001.2472,4098.987013,1179.833333,50267558,50277546,DOWN,SEMA3B
ENSG00000101076,ENSG00000101076,-1.704874577,4.26791574779576e-14,-39.43352755,23.12987013,6.944444444,44355700,44434596,DOWN,HNF4A
ENSG00000181409,ENSG00000181409,-1.702578579,1.00403429071175e-14,-1446.340503,849.5,234.6759259,81110487,81166221,DOWN,AATK
ENSG00000169618,ENSG00000169618,-1.701134297,2.30982393699063e-14,-53.45317445,31.42207792,8.759259259,68643579,68658251,DOWN,PROKR1
ENSG00000068781,ENSG00000068781,-1.696214021,2.84122833960504e-14,-64.61033406,38.09090909,10.98148148,48529925,48776517,DOWN,STON1-GTF2A1L
ENSG00000186335,ENSG00000186335,-1.695609545,1.50180004616928e-13,-30.50996136,17.99350649,3.981481481,151314972,151347590,DOWN,SLC36A2
ENSG00000137090,ENSG00000137090,-1.692467034,2.49955670621638e-14,-74.83122101,44.21428571,11.93518519,841690,969090,DOWN,DMRT1
ENSG00000133048,ENSG00000133048,-1.689998382,1.52177740106289e-14,-19504.44691,11541.1039,3395.351852,203178931,203186704,DOWN,CHI3L1
ENSG00000220586,ENSG00000220586,-1.688570374,1.55487241006669e-13,-23.27814873,13.78571429,3.87962963,39934595,40000527,DOWN,TUBBP9
ENSG00000101323,ENSG00000101323,-1.686853405,6.2453223933523e-14,-25.29184748,14.99350649,5.277777778,7882985,7940458,DOWN,HAO1
ENSG00000265142,ENSG00000265142,-1.684804207,2.52514240758106e-14,-144.3899086,85.7012987,20.84259259,21825487,21831539,DOWN,MIR133A1HG
ENSG00000164879,ENSG00000164879,-1.684784443,1.84829090405061e-14,-4205.167269,2495.967532,602.2407407,85373436,85449040,DOWN,CA3
ENSG00000075073,ENSG00000075073,-1.684640134,1.86951981622912e-14,-1302.576879,773.2077922,267.287037,69403903,69416918,DOWN,TACR2
ENSG00000103534,ENSG00000103534,-1.682819587,3.76578972693827e-14,-72.51422585,43.09090909,12.16666667,19410496,19499113,DOWN,TMC5
ENSG00000180730,ENSG00000180730,-1.68032252,2.18911684706437e-14,-3322.303135,1977.181818,508.9537037,26044597,26052016,DOWN,SHISA2
ENSG00000112280,ENSG00000112280,-1.679870505,2.34819432523318e-14,-767.0899586,456.6363636,121.1296296,70216040,70303084,DOWN,COL9A1
ENSG00000204290,ENSG00000204290,-1.678396222,1.3630588938091e-12,-14.07019171,8.383116883,2.222222222,32393963,32407128,DOWN,BTNL2
ENSG00000253661,ENSG00000253661,-1.671203363,3.30856862451577e-14,-555.3604111,332.3116883,82.93518519,76491200,76683308,DOWN,ZFHX4-AS1
ENSG00000187268,ENSG00000187268,-1.669868698,3.50216969293306e-14,-438.1128238,262.3636364,72.49074074,13035617,13044682,DOWN,FAM9C
ENSG00000143318,ENSG00000143318,-1.659881833,4.52103982542693e-14,-1691.322581,1018.941558,226.212963,160190575,160201886,DOWN,CASQ1
ENSG00000172236,ENSG00000172236,-1.659199174,4.53500185251742e-14,-3561.374061,2146.441558,623.6388889,1240379,1242554,DOWN,TPSAB1
ENSG00000130234,ENSG00000130234,-1.658850665,1.8489064356529e-13,-32.73537124,19.73376623,6.981481481,15494566,15607236,DOWN,ACE2
ENSG00000225778,ENSG00000225778,-1.658645387,7.46536523078539e-14,-76.41616248,46.07142857,14.69444444,11849608,11894700,DOWN,PROSER2-AS1
ENSG00000163827,ENSG00000163827,-1.658058083,4.79429738526619e-14,-1149.497216,693.2792208,211.4166667,46515385,46580099,DOWN,LRRC2
ENSG00000185105,ENSG00000185105,-1.657866362,2.60083264664573e-13,-47.22766059,28.48701299,6.435185185,81939645,81947233,DOWN,MYADML2
ENSG00000166828,ENSG00000166828,-1.651670937,7.42381390166015e-13,-25.18261922,15.24675325,4.111111111,23182745,23216883,DOWN,SCNN1G
ENSG00000183662,ENSG00000183662,-1.649980716,1.37459388691293e-13,-89.5275251,54.25974026,13.87037037,68004247,68545621,DOWN,TAFA1
ENSG00000119888,ENSG00000119888,-1.649648471,6.72186080888018e-14,-363.0512077,220.0779221,79.62037037,47345158,47387601,DOWN,EPCAM
ENSG00000124253,ENSG00000124253,-1.648413317,8.28088046464957e-14,-166.0722897,100.7467532,29,57561080,57568121,DOWN,PCK1
ENSG00000101470,ENSG00000101470,-1.647909985,6.83240924723413e-14,-2485.808008,1508.461039,308.2314815,45823214,45833745,DOWN,TNNC2
ENSG00000267440,ENSG00000267440,-1.642851244,1.56115782971236e-13,-62.7270475,38.18181818,11.09259259,43679341,43706709,DOWN,LINC02594
ENSG00000196376,ENSG00000196376,-1.642656341,8.56126383354778e-14,-563.9004553,343.2857143,93.94444444,117907264,118317676,DOWN,SLC35F1
ENSG00000165376,ENSG00000165376,-1.642200889,1.34322179275585e-13,-72.71537574,44.27922078,12.85185185,106900164,106930861,DOWN,CLDN2
ENSG00000188517,ENSG00000188517,-1.641760318,8.37571639476318e-14,-1262.065932,768.7272727,261.5833333,108808725,109302752,DOWN,COL25A1
ENSG00000260951,ENSG00000260951,-1.639396748,6.46452011661218e-13,-31.26563798,19.07142857,5.888888889,25358235,25432202,DOWN,LOC124901604
ENSG00000163081,ENSG00000163081,-1.637968415,2.15112072759347e-13,-49.55386263,30.25324675,9.962962963,222298147,222305217,DOWN,CCDC140
ENSG00000172752,ENSG00000172752,-1.637018741,5.91725531183792e-13,-29.95531696,18.2987013,5.694444444,130345516,130484844,DOWN,COL6A5
ENSG00000141579,ENSG00000141579,-1.636554084,1.99554750659248e-13,-58.15080485,35.53246753,12.22222222,82829434,82840022,DOWN,ZNF750
ENSG00000253485,ENSG00000253485,-1.63478369,1.17454120439522e-13,-447.5167275,273.7467532,74.74074074,141364232,141512979,DOWN,PCDHGA5
ENSG00000260220,ENSG00000260220,-1.632202632,5.21384458744945e-13,-38.66412469,23.68831169,6.546296296,136249973,136306901,DOWN,CCDC187
ENSG00000157542,ENSG00000157542,-1.626305547,1.65362041017844e-13,-202.3166342,124.4025974,46.71296296,37607373,38121345,DOWN,KCNJ6
ENSG00000163207,ENSG00000163207,-1.624490766,3.00466913657983e-13,-58.7664809,36.17532468,10.82407407,152908546,152911886,DOWN,IVL
ENSG00000009709,ENSG00000009709,-1.624048218,1.61425733241198e-13,-483.0910702,297.461039,88.7037037,18630846,18748866,DOWN,PAX7
ENSG00000121743,ENSG00000121743,-1.623261684,1.75566571755195e-13,-339.1773667,208.9480519,64.75925926,20138255,20161052,DOWN,GJA3
ENSG00000162782,ENSG00000162782,-1.620146239,1.10887111376105e-12,-32.59229252,20.11688312,5.490740741,179591613,179691272,DOWN,TDRD5
ENSG00000179913,ENSG00000179913,-1.619696851,2.67541983125832e-13,-91.36562692,56.40909091,17.15740741,17794828,17813576,DOWN,B3GNT3
ENSG00000286381,ENSG00000286381,-1.614889272,2.60686234216683e-13,-113.86018,70.50649351,21.92592593,49047484,49052549,DOWN,NHIP
ENSG00000119919,ENSG00000119919,-1.614120434,3.22034765532463e-13,-101.0502279,62.6038961,18.09259259,99532942,99536524,DOWN,NKX2-3
ENSG00000135773,ENSG00000135773,-1.613190179,8.46625981725109e-13,-41.60773631,25.79220779,7.287037037,230747384,230802003,DOWN,CAPN9
ENSG00000225535,ENSG00000225535,-1.613135654,5.42324735357372e-13,-54.83613734,33.99350649,9.555555556,115030564,115126314,DOWN,LINC01393
ENSG00000077522,ENSG00000077522,-1.612764172,2.27085209906444e-13,-3604.077606,2234.720779,515.3703704,236664141,236764631,DOWN,ACTN2
ENSG00000198910,ENSG00000198910,-1.611704119,2.35472176291886e-13,-3120.866179,1936.376623,541.7685185,153861514,153886173,DOWN,L1CAM
ENSG00000084453,ENSG00000084453,-1.609974666,1.82438155257362e-12,-21.81829304,13.55194805,4.259259259,21264600,21419594,DOWN,SLCO1A2
ENSG00000226921,ENSG00000226921,-1.60919367,8.41850238592559e-12,-13.96027756,8.675324675,2.342592593,113878489,113883651,DOWN,LINC00454
ENSG00000267453,ENSG00000267453,-1.608216051,1.45257670055057e-12,-33.82475187,21.03246753,6.12962963,15851993,15864904,DOWN,ENSG00000267453
ENSG00000241449,ENSG00000241449,-1.604974402,3.83275333016541e-11,-12.22490243,7.616883117,1.898148148,150033653,150076655,DOWN,ENSG00000241449
ENSG00000130598,ENSG00000130598,-1.601656336,3.42969486467336e-13,-1652.971741,1032.038961,208.5925926,1838981,1841680,DOWN,TNNI2
ENSG00000132329,ENSG00000132329,-1.601513856,3.301957427184e-13,-6705.195335,4186.785714,1531.462963,237858893,237912106,DOWN,RAMP1
ENSG00000119913,ENSG00000119913,-1.596289186,3.04733329494727e-12,-27.26130232,17.07792208,4.111111111,112283400,112305038,DOWN,TECTB
ENSG00000237179,ENSG00000237179,-1.594979398,1.34238842246063e-12,-27.95356751,17.52597403,6.111111111,66696190,66703252,DOWN,LINC01797
ENSG00000204323,ENSG00000204323,-1.5924484,7.47184349043166e-13,-78.73313064,49.44155844,15.51851852,75633434,75641404,DOWN,SMIM5
ENSG00000134640,ENSG00000134640,-1.591300173,3.2872145784049e-12,-20.32524312,12.77272727,3.925925926,92969651,92985066,DOWN,MTNR1B
ENSG00000230461,ENSG00000230461,-1.589954281,2.22968299809637e-12,-31.01443285,19.50649351,5.842592593,213817751,213988508,DOWN,PROX1-AS1
ENSG00000014257,ENSG00000014257,-1.586121527,6.8325630596869e-13,-274.9345977,173.3376623,51.28703704,132317369,132368298,DOWN,ACP3
ENSG00000204832,ENSG00000204832,-1.585806484,1.16292658994306e-12,-51.20919248,32.29220779,8.972222222,17386919,17445758,DOWN,ST8SIA6-AS1
ENSG00000143850,ENSG00000143850,-1.58519322,5.8870572349386e-13,-2430.162968,1533.038961,489.2962963,204218853,204377665,DOWN,PLEKHA6
ENSG00000287417,ENSG00000287417,-1.583176972,6.48628916860848e-13,-137.5616303,86.88961039,33.62037037,42719401,42723136,DOWN,ENSG00000287417
ENSG00000203697,ENSG00000203697,-1.581951341,1.23077055024425e-12,-57.94667216,36.62987013,11.24074074,223538007,223665723,DOWN,CAPN8
ENSG00000186231,ENSG00000186231,-1.581835743,1.33569585225998e-12,-34.47169321,21.79220779,8.703703704,96924620,97140754,DOWN,KLHL32
ENSG00000215559,ENSG00000215559,-1.579436328,2.69230524435715e-12,-36.72702266,23.25324675,7.111111111,13909574,13980437,DOWN,ENSG00000215559
ENSG00000174607,ENSG00000174607,-1.577614575,8.0448189270857e-13,-510.1841629,323.3896104,100.0740741,114598770,114678225,DOWN,UGT8
ENSG00000166589,ENSG00000166589,-1.57753169,2.41483066455383e-11,-15.1094756,9.577922078,2.546296296,66908122,66918917,DOWN,CDH16
ENSG00000138136,ENSG00000138136,-1.577188137,9.37841476970797e-13,-201.8493571,127.9805195,35.2037037,101226195,101229794,DOWN,LBX1
ENSG00000232046,ENSG00000232046,-1.575935889,1.04004640220161e-12,-84.62980391,53.7012987,18.78703704,66574030,66731223,DOWN,LINC01798
ENSG00000159247,ENSG00000159247,-1.575240334,1.28069422530675e-12,-98.41160555,62.47402597,17.51851852,138150075,138177433,DOWN,ENSG00000159247
ENSG00000185737,ENSG00000185737,-1.573976385,1.40712397024758e-12,-74.86608454,47.56493506,13.43518519,81875194,82987179,DOWN,NRG3
ENSG00000171246,ENSG00000171246,-1.566322332,1.14434497811974e-12,-1667.868839,1064.831169,282.4351852,80466834,80477843,DOWN,NPTX1
ENSG00000124205,ENSG00000124205,-1.565778833,1.13992651583935e-12,-1465.436812,935.9155844,329.4722222,59300443,59325992,DOWN,EDN3
ENSG00000162374,ENSG00000162374,-1.564283141,1.8120234287981e-12,-69.04176954,44.13636364,14.55555556,50024029,50203772,DOWN,ELAVL4
ENSG00000198336,ENSG00000198336,-1.564035206,1.26227639746966e-12,-653.9698375,418.1298701,124.1759259,47200446,47223679,DOWN,MYL4
ENSG00000287666,ENSG00000287666,-1.560674324,3.30091407748855e-12,-38.33786342,24.56493506,8.722222222,126121889,126128081,DOWN,ENSG00000287666
ENSG00000224099,ENSG00000224099,-1.559752964,6.95446712284248e-12,-17.78523509,11.4025974,4.583333333,195448532,195481827,DOWN,ENSG00000224099
ENSG00000214872,ENSG00000214872,-1.558344172,2.12350958096657e-12,-122.6639484,78.71428571,20.37962963,57542641,57550274,DOWN,SMTNL1
ENSG00000272620,ENSG00000272620,-1.554199878,2.38584538782817e-12,-132.0968974,84.99350649,29.62962963,7754077,7778928,DOWN,AFAP1-AS1
ENSG00000146147,ENSG00000146147,-1.553103718,2.0848915188911e-12,-340.7146493,219.3766234,56.64814815,53929982,54266280,DOWN,MLIP
ENSG00000249825,ENSG00000249825,-1.552806498,1.88291148425594e-12,-434.1505805,279.5909091,86.83333333,80052374,80083654,DOWN,THBS4-AS1
ENSG00000273238,ENSG00000273238,-1.548940005,1.18668041094924e-11,-16.11299927,10.4025974,3.953703704,573880,576295,DOWN,TMEM271
ENSG00000256673,ENSG00000256673,-1.547580942,3.03587824735654e-12,-98.23119294,63.47402597,19.69444444,9398355,9414851,DOWN,ENSG00000256673
ENSG00000236333,ENSG00000236333,-1.545083842,2.38722595659627e-12,-395.7320907,256.1233766,83.0462963,72249964,72276954,DOWN,ENSG00000236333
ENSG00000105048,ENSG00000105048,-1.541663738,2.5223670625149e-12,-7616.309394,4940.318182,1186.453704,55132698,55149206,DOWN,TNNT1
ENSG00000189056,ENSG00000189056,-1.54157023,2.60650973585769e-12,-903.9507565,586.3831169,184.6944444,103471784,103989658,DOWN,RELN
ENSG00000197253,ENSG00000197253,-1.540824812,2.61125432612649e-12,-2894.889651,1878.792208,572.7222222,1227272,1230184,DOWN,TPSB2
ENSG00000230552,ENSG00000230552,-1.54037538,1.70858980240795e-11,-28.18686897,18.2987013,5.555555556,176723614,176819310,DOWN,ENSG00000230552
ENSG00000162069,ENSG00000162069,-1.537279516,8.77699192448243e-12,-45.74903912,29.75974026,9.37037037,3027682,3036944,DOWN,BICDL2
ENSG00000015592,ENSG00000015592,-1.536359572,5.78821110070827e-12,-41.02279584,26.7012987,9.037037037,27235323,27258420,DOWN,STMN4
ENSG00000185739,ENSG00000185739,-1.536192928,3.13064872310964e-12,-920.5586243,599.2467532,170.1018519,4189374,4242080,DOWN,SRL
ENSG00000167880,ENSG00000167880,-1.535828504,3.36002372930165e-12,-311.1947573,202.6233766,69.12037037,76004502,76027306,DOWN,EVPL
ENSG00000197888,ENSG00000197888,-1.53444937,6.66664698577226e-11,-15.70319615,10.23376623,3.009259259,68537184,68568527,DOWN,UGT2B17
ENSG00000005102,ENSG00000005102,-1.533934726,3.29276572855098e-12,-1788.358718,1165.863636,369.5,43640389,43661922,DOWN,MEOX1
ENSG00000086570,ENSG00000086570,-1.527396229,4.18778952147997e-12,-679.2251685,444.6948052,130.8611111,151504093,151568944,DOWN,FAT2
ENSG00000186847,ENSG00000186847,-1.524713369,4.44640093534854e-12,-2451.709395,1607.980519,497.462963,41582279,41586895,DOWN,KRT14
ENSG00000170891,ENSG00000170891,-1.522927342,4.76464753025772e-12,-2093.273521,1374.506494,379.0185185,5014586,5019458,DOWN,CYTL1
ENSG00000105664,ENSG00000105664,-1.517342744,5.63645933739453e-12,-11554.99852,7615.285714,2306,18782773,18791305,DOWN,COMP
ENSG00000225649,ENSG00000225649,-1.516398439,8.82077260122945e-12,-116.5165113,76.83766234,22.38888889,12780593,13007029,DOWN,LOC100506474
ENSG00000228271,ENSG00000228271,-1.514930269,9.17661965779242e-12,-109.9111421,72.55194805,20.4537037,194276682,194287368,DOWN,LINC02048
ENSG00000288107,ENSG00000288107,-1.509600423,1.0995644076856e-11,-48.10135893,31.86363636,10.58333333,133565797,133629507,DOWN,ENSG00000288107
ENSG00000226762,ENSG00000226762,-1.506500341,8.28444153283672e-11,-18.0095268,11.95454545,3.861111111,3232264,3258897,DOWN,LINC02668
ENSG00000121764,ENSG00000121764,-1.501422687,1.99921581383578e-11,-41.46461486,27.61688312,8.527777778,31617686,31632518,DOWN,HCRTR1
ENSG00000102239,ENSG00000102239,-1.501335402,1.36727682279372e-11,-54.39903599,36.23376623,15.62962963,136487947,136493780,DOWN,BRS3
ENSG00000163810,ENSG00000163810,1.514309719,9.79511679901151e-13,10.81649799,7.142857143,21.01851852,44874608,44914990,UP,TGM4
ENSG00000225756,ENSG00000225756,1.514813378,2.26111219124378e-13,172.3936316,113.8051948,284.9444444,133654586,133657313,UP,DBH-AS1
ENSG00000137745,ENSG00000137745,1.514948151,2.03815936187166e-13,5035.92375,3324.155844,10088.02778,102942995,102955732,UP,MMP13
ENSG00000185594,ENSG00000185594,1.517461459,1.35915732699533e-12,8.750037506,5.766233766,14.22222222,96783389,96785615,UP,SPATA8
ENSG00000225106,ENSG00000225106,1.519278328,2.12193099808615e-13,80.38363519,52.90909091,121.0648148,61738219,61755056,UP,ENSG00000225106
ENSG00000237870,ENSG00000237870,1.519595155,1.12813526762454e-12,8.525520868,5.61038961,15.19444444,116275606,116286734,UP,LOC102724434
ENSG00000197506,ENSG00000197506,1.528586881,1.6883802164955e-13,48.14056086,31.49350649,83.58333333,84275457,84340758,UP,SLC28A3
ENSG00000248698,ENSG00000248698,1.532573382,1.4168119222515e-13,52.57522841,34.30519481,93.0462963,14111968,14140052,UP,KLF17P2
ENSG00000112379,ENSG00000112379,1.538630345,8.3511727960577e-14,427.379556,277.7662338,700.0462963,138161939,138344663,UP,ARFGEF3
ENSG00000234810,ENSG00000234810,1.538758793,1.19541836855619e-13,42.54568143,27.64935065,74.51851852,55329288,56070513,UP,ENSG00000234810
ENSG00000149635,ENSG00000149635,1.544269037,2.33407249025696e-13,15.99421503,10.35714286,35.88888889,46540946,46550654,UP,OCSTAMP
ENSG00000188803,ENSG00000188803,1.545351786,6.44263704646135e-14,381.912621,247.1363636,658.4444444,11241213,11564063,UP,SHISA6
ENSG00000115602,ENSG00000115602,1.546668689,6.22129741886707e-14,290.0807256,187.5519481,539.0833333,102311502,102352037,UP,IL1RL1
ENSG00000246430,ENSG00000246430,1.550468954,6.10661111969594e-14,105.9252199,68.31818182,182.0185185,56496048,56559823,UP,LINC00968
ENSG00000171794,ENSG00000171794,1.555067743,3.63998391049041e-13,8.542774742,5.493506494,12.39814815,133230217,133231558,UP,UTF1
ENSG00000260454,ENSG00000260454,1.559033488,6.54525312250719e-14,33.31674811,21.37012987,57.2037037,90996949,91001901,UP,LINC02957
ENSG00000136696,ENSG00000136696,1.560853837,4.9481686114205e-14,48.79188554,31.25974026,78.32407407,113022089,113052867,UP,IL36B
ENSG00000136931,ENSG00000136931,1.561423197,4.29441517618819e-14,63.83584707,40.88311688,145.0185185,124481236,124507420,UP,NR5A1
ENSG00000236975,ENSG00000236975,1.568483139,1.11766787814573e-13,12.09972707,7.714285714,20.15740741,229087114,229205428,UP,LINC02815
ENSG00000112936,ENSG00000112936,1.580580404,1.52177740106289e-14,8402.991501,5316.396104,12363.15741,40909497,40984643,UP,C7
ENSG00000165972,ENSG00000165972,1.582316632,5.630173408485e-14,12.05232084,7.616883117,20.17592593,95867048,95942635,UP,CCDC38
ENSG00000170890,ENSG00000170890,1.583881852,1.04688256139227e-13,9.215312591,5.818181818,19.35185185,120322115,120327779,UP,PLA2G1B
ENSG00000004939,ENSG00000004939,1.58444641,2.87215511691524e-14,23.36544023,14.74675325,43.25,44248390,44268141,UP,SLC4A1
ENSG00000148600,ENSG00000148600,1.592163509,1.21850323226392e-14,77.41636595,48.62337662,151.5648148,84194537,84219621,UP,CDHR1
ENSG00000174697,ENSG00000174697,1.598154388,1.69113519532065e-14,24.24213409,15.16883117,43.87962963,128241278,128257629,UP,LEP
ENSG00000159261,ENSG00000159261,1.600356016,8.50881200487423e-15,80.81797879,50.5,150.6296296,36460621,36576569,UP,CLDN14
ENSG00000172554,ENSG00000172554,1.606153815,8.27764785509128e-15,41.45754164,25.81168831,64.32407407,950849,1367613,UP,SNTG2
ENSG00000160886,ENSG00000160886,1.610668013,4.90823258386547e-15,188.1762266,116.8311688,338.0555556,142700111,142705127,UP,LY6K
ENSG00000165583,ENSG00000165583,1.621330942,8.78663743844109e-15,14.76042845,9.103896104,25.78703704,48186220,48196763,UP,SSX5
ENSG00000139304,ENSG00000139304,1.621406878,2.96867018052539e-15,339.0951385,209.1363636,569.3333333,80402178,80680273,UP,PTPRQ
ENSG00000244675,ENSG00000244675,1.623106299,1.20264585045091e-14,12.72135911,7.837662338,24.39814815,194496317,194501503,UP,ENSG00000244675
ENSG00000147689,ENSG00000147689,1.624503714,7.91700328817309e-15,15.84418557,9.753246753,23.32407407,123178960,123210079,UP,FAM83A
ENSG00000167656,ENSG00000167656,1.63411141,3.16381415603831e-15,24.15089331,14.77922078,38.69444444,142784882,142786539,UP,LY6D
ENSG00000288638,ENSG00000288638,1.652702079,1.52889327622962e-15,24.97297233,15.11038961,44.09259259,166167920,166171376,UP,LNCDAT
ENSG00000230876,ENSG00000230876,1.657943837,1.73682314943336e-15,15.83659341,9.551948052,23.93518519,32825359,32926693,UP,LINC00486
ENSG00000134193,ENSG00000134193,1.659124388,3.20393177879038e-14,6.022406057,3.62987013,13.41666667,119794017,119811580,UP,REG4
ENSG00000261780,ENSG00000261780,1.66333333,1.43482995498026e-15,18.2426623,10.96753247,37.31481481,73324941,73349879,UP,LINC02582
ENSG00000176956,ENSG00000176956,1.670298503,3.77301157758918e-16,484.9939471,290.3636364,706.3055556,143157914,143160711,UP,LY6H
ENSG00000091664,ENSG00000091664,1.673438654,2.64592087552955e-14,4.172730151,2.493506494,8.675925926,22338381,22379503,UP,SLC17A6
ENSG00000226695,ENSG00000226695,1.675191826,3.05458637178913e-14,5.058209084,3.019480519,8.833333333,24750657,24752171,UP,ENSG00000226695
ENSG00000249797,ENSG00000249797,1.697664613,6.59938208834118e-16,12.46791349,7.344155844,25.22222222,117730515,118266267,UP,ENSG00000249797
ENSG00000136695,ENSG00000136695,1.697715154,1.78785012785994e-16,42.86179558,25.24675325,70.58333333,113058638,113065382,UP,IL36RN
ENSG00000015413,ENSG00000015413,1.711007925,7.16193591293057e-17,153.5907374,89.76623377,269.7407407,89613308,89638456,UP,DPEP1
ENSG00000204897,ENSG00000204897,1.711272744,3.95568211114162e-16,12.84565774,7.506493506,24.5462963,40748021,40755331,UP,KRT25
ENSG00000246363,ENSG00000246363,1.728285547,3.67602334430633e-17,91.11656074,52.72077922,186.2685185,89010681,89309566,UP,LINC02458
ENSG00000170374,ENSG00000170374,1.747598969,1.82263915045611e-17,79.40227263,45.43506494,171.3425926,53326575,53345315,UP,SP7
ENSG00000166510,ENSG00000166510,1.753143029,1.42131971932938e-17,68.83932399,39.26623377,93.53703704,54901509,54959461,UP,CCDC68
ENSG00000250420,ENSG00000250420,1.755771925,1.17712384357927e-17,59.83305886,34.07792208,97.2037037,178764861,178818435,UP,ENSG00000250420
ENSG00000144119,ENSG00000144119,1.756038727,1.1017280922602e-16,9.361738927,5.331168831,17,119156243,119158751,UP,C1QL2
ENSG00000178522,ENSG00000178522,1.757578073,6.1713669844495e-16,5.033064483,2.863636364,9.537037037,70592256,70607288,UP,AMBN
ENSG00000198744,ENSG00000198744,1.759711551,7.66045360781014e-18,323.1356035,183.6298701,550.8148148,634376,634922,UP,MTCO3P12
ENSG00000256915,ENSG00000256915,1.765266505,3.18702514857711e-16,5.696996448,3.227272727,11.27777778,65622273,65663299,UP,ENSG00000256915
ENSG00000197632,ENSG00000197632,1.771256019,4.92838074130283e-18,152.9261041,86.33766234,260.9259259,63871692,63903888,UP,SERPINB2
ENSG00000253230,ENSG00000253230,1.77307132,6.9619948005476e-17,7.88671334,4.448051948,12.77777778,9899871,9906678,UP,MIR124-1HG
ENSG00000243130,ENSG00000243130,1.782337057,4.54491178366508e-18,33.14683981,18.5974026,51.12037037,43007656,43026474,UP,PSG11
ENSG00000166342,ENSG00000166342,1.782808768,3.36996633819164e-18,73.48876663,41.22077922,139.3611111,72742314,72868146,UP,NETO1
ENSG00000268223,ENSG00000268223,1.787786859,3.19144532315042e-17,9.240768443,5.168831169,19.2037037,116032324,116060118,UP,ARL14EPL
ENSG00000179873,ENSG00000179873,1.789410752,4.60443925797255e-18,26.30666197,14.7012987,50.60185185,55785397,55836800,UP,NLRP11
ENSG00000233215,ENSG00000233215,1.793147222,3.57716459794107e-16,4.750675758,2.649350649,9.898148148,22008756,22098518,UP,LINC01687
ENSG00000140274,ENSG00000140274,1.794592118,1.6542707274004e-18,213.4515833,118.9415584,381.7962963,45114326,45118421,UP,DUOXA2
ENSG00000196767,ENSG00000196767,1.798952067,5.31386956870287e-18,12.56930145,6.987012987,21.10185185,83508290,83512127,UP,POU3F4
ENSG00000113389,ENSG00000113389,1.805674951,9.37586655308522e-19,911.1154398,504.5844156,1473.666667,32689070,32791724,UP,NPR3
ENSG00000262406,ENSG00000262406,1.807656453,8.67966412505576e-19,559.1527455,309.3246753,1189.814815,102862736,102874982,UP,MMP12
ENSG00000169429,ENSG00000169429,1.817941878,5.3850172815912e-19,830.6931948,456.9415584,1672.009259,73740541,73743716,UP,CXCL8
ENSG00000186297,ENSG00000186297,1.824032268,6.69657171278795e-19,44.42821453,24.35714286,68.43518519,26866911,26949208,UP,GABRA5
ENSG00000073756,ENSG00000073756,1.835124898,2.45308998042453e-19,724.6121742,394.8571429,1610.138889,186671791,186680423,UP,PTGS2
ENSG00000109193,ENSG00000109193,1.838693158,3.5013652048386e-19,37.04847318,20.14935065,61.18518519,69841212,69860145,UP,SULT1E1
ENSG00000162383,ENSG00000162383,1.856111358,9.80282209363161e-20,342.4645981,184.5064935,655.4537037,53087179,53142638,UP,SLC1A7
ENSG00000149527,ENSG00000149527,1.856913555,9.31836205272059e-20,380.7757996,205.0584416,609.5185185,2425980,2505532,UP,PLCH2
ENSG00000123999,ENSG00000123999,1.868621383,7.59516135860489e-20,56.48332817,30.22727273,121.5092593,219569162,219575711,UP,INHA
ENSG00000165370,ENSG00000165370,1.869396924,8.40897622497532e-18,4.56424184,2.441558442,8.944444444,137023929,137033995,UP,GPR101
ENSG00000099715,ENSG00000099715,1.874046547,2.76510572492041e-18,5.731661843,3.058441558,10.60185185,5000226,5742224,UP,PCDH11X
ENSG00000196132,ENSG00000196132,1.87806496,5.85367127597645e-20,38.20764624,20.34415584,70.42592593,64102394,64242253,UP,MYT1
ENSG00000149968,ENSG00000149968,1.884451216,2.42436786935278e-20,967.2741249,513.2922078,2535.12037,102835801,102843609,UP,MMP3
ENSG00000234710,ENSG00000234710,1.890744307,5.96025114268535e-19,7.37881382,3.902597403,15.08333333,9621764,9769513,UP,LOC105375148
ENSG00000282933,ENSG00000282933,1.904812295,5.09387253708438e-20,12.76471616,6.701298701,27.43518519,119942834,119992810,UP,ENSG00000282933
ENSG00000267339,ENSG00000267339,1.906206148,2.09119174193091e-20,29.91753416,15.69480519,53.16666667,28883430,28970874,UP,LINC00906
ENSG00000265646,ENSG00000265646,1.915341723,3.83710477974364e-19,6.380326648,3.331168831,8.12962963,27082690,27084036,UP,TUFMP1
ENSG00000153531,ENSG00000153531,1.916003459,5.46584389675276e-21,795.7510732,415.3181818,820.75,113399610,113453524,UP,ADPRHL1
ENSG00000179270,ENSG00000179270,1.933873175,9.0485636937568e-21,18.22110375,9.422077922,37.06481481,29060976,29074523,UP,PCARE
ENSG00000170162,ENSG00000170162,1.935550956,2.13359641827621e-21,440.3378424,227.5,696.537037,117265558,117273565,UP,VGLL2
ENSG00000259974,ENSG00000259974,1.946510452,1.97220119971489e-21,44.98461493,23.11038961,81.28703704,22547671,22578642,UP,LINC00261
ENSG00000104327,ENSG00000104327,1.949785189,1.29944160953537e-21,107.5800309,55.17532468,196.9166667,90058608,90095475,UP,CALB1
ENSG00000184735,ENSG00000184735,1.957485665,1.00384790032756e-18,4.601362408,2.350649351,10.00925926,22999960,23003589,UP,DDX53
ENSG00000286976,ENSG00000286976,1.9774758,1.52311861375092e-19,4.545626189,2.298701299,9.5,42649520,42657893,UP,ENSG00000286976
ENSG00000226954,ENSG00000226954,1.984353914,7.36279352758395e-21,7.898759411,3.980519481,13.2037037,49718053,49724506,UP,ENSG00000226954
ENSG00000248371,ENSG00000248371,1.986568505,9.58694729601616e-21,7.57217995,3.811688312,15.03703704,72574120,72660669,UP,ENSG00000248371
ENSG00000074317,ENSG00000074317,1.987497612,2.57876653857737e-22,73.39544754,36.92857143,151.9074074,176620082,176630556,UP,SNCB
ENSG00000129437,ENSG00000129437,1.988512271,2.13375892840199e-22,89.1085921,44.81168831,187.5555556,51077495,51084245,UP,KLK14
ENSG00000174527,ENSG00000174527,1.991888387,4.6973901083134e-22,24.25188783,12.17532468,43.75,109347903,109455523,UP,MYO1H
ENSG00000205628,ENSG00000205628,1.995025578,1.5514890791716e-21,12.59197962,6.311688312,25.61111111,53655508,53811952,UP,LINC01446
ENSG00000258489,ENSG00000258489,2.011365799,2.65717476452682e-22,17.55373789,8.727272727,19.2037037,95463587,95493843,UP,LOC105370993
ENSG00000111049,ENSG00000111049,2.01284494,5.24019430398773e-23,243.7372237,121.0909091,503.8333333,80716912,80719671,UP,MYF5
ENSG00000171446,ENSG00000171446,2.023835905,2.41703951475042e-21,8.18733616,4.045454545,16.62037037,40776808,40782550,UP,KRT27
ENSG00000221852,ENSG00000221852,2.034163583,2.89546462705732e-22,12.36348775,6.077922078,20.5,41026026,41027208,UP,KRTAP1-5
ENSG00000242550,ENSG00000242550,2.04799108,6.4354022645653e-22,7.08817692,3.461038961,14.28703704,63897174,63936111,UP,SERPINB10
ENSG00000198829,ENSG00000198829,2.055222333,6.32667851705731e-24,226.7684278,110.3376623,537.2592593,151873643,151884619,UP,SUCNR1
ENSG00000105409,ENSG00000105409,2.062913966,6.82616557233876e-24,53.99744284,26.17532468,107.75,41966582,41997497,UP,ATP1A3
ENSG00000254337,ENSG00000254337,2.066404073,3.44863177006928e-24,313.3017448,151.6168831,595.1944444,68848737,68852763,UP,LOC107986951
ENSG00000143954,ENSG00000143954,2.093265287,2.57876653857737e-22,5.844831645,2.792207792,11.78703704,79025686,79028505,UP,REG3G
ENSG00000126231,ENSG00000126231,2.102658707,5.49414405514754e-24,15.26475607,7.25974026,19.58333333,113158648,113172386,UP,PROZ
ENSG00000145721,ENSG00000145721,2.116195625,3.70681828706932e-25,65.50587366,30.95454545,129.5092593,97091867,97142753,UP,LIX1
ENSG00000178235,ENSG00000178235,2.138543011,1.23035703083731e-25,60.28191697,28.18831169,137.7037037,83877205,83882474,UP,SLITRK1
ENSG00000198535,ENSG00000198535,2.144528182,9.08691361680783e-26,57.97188845,27.03246753,100.4537037,62066977,62070917,UP,C2CD4A
ENSG00000100362,ENSG00000100362,2.14525542,7.17377724122226e-26,95.79819172,44.65584416,191.212963,36800684,36819479,UP,PVALB
ENSG00000130182,ENSG00000130182,2.150528586,7.12588117360503e-24,7.205667211,3.350649351,12.41666667,3088890,3099295,UP,ZSCAN10
ENSG00000255583,ENSG00000255583,2.157754285,4.47267542697119e-24,7.005695731,3.246753247,15.15740741,63682523,63724935,UP,ENSG00000255583
ENSG00000164588,ENSG00000164588,2.160437333,5.03898967317413e-26,37.5831923,17.3961039,73.85185185,45254948,45696498,UP,HCN1
ENSG00000189001,ENSG00000189001,2.166727694,1.76145250529108e-26,629.7439275,290.6428571,1195.148148,35523367,35528351,UP,SBSN
ENSG00000215478,ENSG00000215478,2.174863399,3.94277892442524e-24,5.790220737,2.662337662,13.50925926,23359603,23387731,UP,ENSG00000215478
ENSG00000262732,ENSG00000262732,2.175603698,5.08009019523954e-24,5.608536805,2.577922078,11.12037037,13930677,13935635,UP,ENSG00000262732
ENSG00000182261,ENSG00000182261,2.18739167,4.09594668582921e-26,15.58161468,7.123376623,34.89814815,7957537,7965426,UP,NLRP10
ENSG00000163735,ENSG00000163735,2.187725441,6.26225138926286e-27,221.542716,101.2662338,498.6851852,73995642,73998677,UP,CXCL5
ENSG00000275385,ENSG00000275385,2.199448589,3.01571346867817e-27,1458.448647,663.0974026,2573.824074,36064272,36072032,UP,CCL18
ENSG00000167916,ENSG00000167916,2.207030555,1.23664759586881e-26,17.77089538,8.051948052,33.93518519,40697991,40703752,UP,KRT24
ENSG00000225156,ENSG00000225156,2.219925299,5.75518034127725e-27,18.06211948,8.136363636,29.05555556,44954664,44968762,UP,ENSG00000225156
ENSG00000249945,ENSG00000249945,2.225635853,2.50789670064861e-23,3.84428011,1.727272727,9,175457726,175473197,UP,ENSG00000249945
ENSG00000148604,ENSG00000148604,2.238734672,1.74036899559925e-25,5.90211868,2.636363636,11.53703704,84230666,84259960,UP,RGR
ENSG00000234224,ENSG00000234224,2.242950013,4.8864988922765e-28,34.9113713,15.56493506,54.16666667,124030921,124033067,UP,TMEM229A
ENSG00000126266,ENSG00000126266,2.252378,4.44735113555746e-25,4.607136818,2.045454545,11.92592593,35351552,35353862,UP,FFAR1
ENSG00000204941,ENSG00000204941,2.270183156,8.79212256934647e-29,95.45088271,42.04545455,171.9907407,43166256,43186536,UP,PSG5
ENSG00000168143,ENSG00000168143,2.271098495,1.70844893550774e-28,24.37744034,10.73376623,48.02777778,54846771,54945099,UP,FAM83B
ENSG00000226571,ENSG00000226571,2.300995198,4.07078029823001e-29,23.80185293,10.34415584,55.35185185,139271362,139667284,UP,ENSG00000226571
ENSG00000117322,ENSG00000117322,2.340440996,1.42402866117677e-30,169.8795419,72.58441558,244.3148148,207454230,207489895,UP,CR2
ENSG00000243137,ENSG00000243137,2.365215067,4.07835488489044e-31,98.77076686,41.75974026,176.2222222,43192702,43207299,UP,PSG4
ENSG00000131737,ENSG00000131737,2.401049431,5.2262719398925e-32,178.7378615,74.44155844,434.9074074,41377650,41382403,UP,KRT34
ENSG00000165805,ENSG00000165805,2.402678754,2.05577333198003e-29,7.286045313,3.032467532,15.25,87980035,88034037,UP,C12orf50
ENSG00000226087,ENSG00000226087,2.422312606,5.08432312268098e-31,12.5519835,5.181818182,29.61111111,47225781,47240886,UP,LOC124907763
ENSG00000183668,ENSG00000183668,2.424872446,2.49460265992293e-32,35.63302821,14.69480519,71.96296296,43211791,43269530,UP,PSG9
ENSG00000256870,ENSG00000256870,2.436421708,9.29654229256426e-32,15.86838294,6.512987013,27.87037037,101155493,101210238,UP,SLC5A8
ENSG00000185002,ENSG00000185002,2.438233435,1.13293464938963e-30,7.346365673,3.012987013,14.88888889,116877212,116932161,UP,RFX6
ENSG00000258140,ENSG00000258140,2.44797883,2.53803010735595e-31,9.744227422,3.980519481,19.26851852,69212108,69224242,UP,ENSG00000258140
ENSG00000163217,ENSG00000163217,2.449277055,3.53914376207447e-31,9.749395029,3.980519481,24.67592593,68860909,68871397,UP,BMP10
ENSG00000287996,ENSG00000287996,2.474605145,3.08374678877835e-33,24.31219211,9.824675325,50.88888889,63397011,63513393,UP,LOC124903236
ENSG00000250748,ENSG00000250748,2.50277079,2.37083804032901e-34,38.61417791,15.42857143,88.4537037,65466820,65642372,UP,LOC105369187
ENSG00000228999,ENSG00000228999,2.530863751,9.17543417999109e-31,4.059242511,1.603896104,9.240740741,21932662,22536322,UP,LINC01830
ENSG00000147160,ENSG00000147160,2.56375506,2.38533844663618e-33,7.308366696,2.850649351,18.24074074,70040542,70049938,UP,AWAT2
ENSG00000170423,ENSG00000170423,2.590021121,4.08583667975475e-35,11.85691487,4.577922078,29.38888889,52837804,52849092,UP,KRT78
ENSG00000144820,ENSG00000144820,2.611452988,5.40270993475796e-36,14.7869286,5.662337662,35.25,100609601,100695479,UP,ADGRG7
ENSG00000168269,ENSG00000168269,2.613600371,4.28683991526487e-34,6.839486685,2.616883117,19,170105897,170109734,UP,FOXI1
ENSG00000137441,ENSG00000137441,2.700425306,7.36406536087037e-40,135.7928154,50.28571429,307.4166667,15960245,15969309,UP,FGFBP2
ENSG00000285051,ENSG00000285051,2.78077227,3.0376392963036e-41,19.53763374,7.025974026,47.12037037,170448639,170860993,UP,SLC7A14-AS1
ENSG00000108849,ENSG00000108849,2.784460594,2.12178591378564e-41,21.13658723,7.590909091,51.26851852,43940804,43942476,UP,PPY
ENSG00000225110,ENSG00000225110,2.787476246,3.289771586307e-37,3.819204467,1.37012987,9.898148148,153317680,153321767,UP,PNMA6F
ENSG00000107165,ENSG00000107165,2.811665645,4.56925672066941e-43,1259.151512,447.8311688,2099.175926,12685439,12710285,UP,TYRP1
ENSG00000268621,ENSG00000268621,2.815153516,2.0106201296266e-42,28.37089777,10.07792208,69.98148148,46189029,46203160,UP,IGFL2-AS1
ENSG00000132677,ENSG00000132677,2.834972931,4.23100037391838e-43,18.94277368,6.681818182,53.43518519,156369211,156385219,UP,RHBG
ENSG00000163736,ENSG00000163736,2.866847227,7.10757119387255e-44,25.35484366,8.844155844,67.24074074,73986439,73988190,UP,PPBP
ENSG00000184303,ENSG00000184303,2.891840051,2.12455246183025e-38,3.718080066,1.285714286,10.16666667,91684447,91685884,UP,ENSG00000184303
ENSG00000166396,ENSG00000166396,2.919435761,5.55599923554195e-46,166.8249006,57.14285714,464.1388889,63752935,63805376,UP,SERPINB7
ENSG00000162897,ENSG00000162897,2.961741413,1.13767843430233e-45,17.17425378,5.798701299,31.69444444,206957965,206970625,UP,FCAMR
ENSG00000286284,ENSG00000286284,3.033664889,7.51681753788778e-44,4.708090315,1.551948052,15.16666667,83996173,83997597,UP,ENSG00000286284
ENSG00000166603,ENSG00000166603,3.070168069,2.7971339612176e-50,76.37541475,24.87662338,129.4814815,60371062,60372775,UP,MC4R
ENSG00000266976,ENSG00000266976,3.082262192,1.23146863591679e-46,6.244583143,2.025974026,17.60185185,28606688,28615229,UP,LOC102724908
ENSG00000179914,ENSG00000179914,3.091815947,4.71750936518515e-51,96.22775216,31.12337662,202.6296296,160876540,160885180,UP,ITLN1
ENSG00000126549,ENSG00000126549,3.119116855,6.89115781216193e-46,4.820453321,1.545454545,15.91666667,69995966,70002570,UP,STATH
ENSG00000243709,ENSG00000243709,3.151253728,1.98867650072466e-52,34.25453727,10.87012987,114.7962963,225886282,225911382,UP,LEFTY1
ENSG00000284640,ENSG00000284640,3.249282719,7.97009080233207e-52,8.292000706,2.551948052,25.42592593,35141515,35146435,UP,LOC105378644
ENSG00000198812,ENSG00000198812,3.267767857,1.209549266233e-53,12.85887871,3.935064935,36.25925926,69608564,69610907,UP,LRRC10
ENSG00000173093,ENSG00000173093,3.27512223,2.13003100419647e-54,13.73849974,4.194805195,40.61111111,110846769,110907535,UP,CCDC63
ENSG00000231754,ENSG00000231754,3.350139287,1.00573157819586e-51,4.024517975,1.201298701,15.01851852,21521678,21523783,UP,ENSG00000231754
ENSG00000131738,ENSG00000131738,3.365378249,3.63686567603677e-56,9.965016115,2.961038961,32.38888889,41363498,41369813,UP,KRT33B
ENSG00000231976,ENSG00000231976,3.367602867,2.29132250512047e-54,6.275987162,1.863636364,19.28703704,26647986,26653454,UP,ENSG00000231976
ENSG00000164175,ENSG00000164175,3.479509432,1.47355782474435e-62,36.85116808,10.59090909,113.212963,33944623,33984693,UP,SLC45A2
ENSG00000228740,ENSG00000228740,3.481008775,6.2339941895561e-58,7.549720331,2.168831169,25.67592593,27038978,27161319,UP,GABRG3-AS1
ENSG00000135409,ENSG00000135409,3.508233022,1.0327825835892e-63,43.35173663,12.35714286,155.7592593,53423855,53431672,UP,AMHR2
ENSG00000233079,ENSG00000233079,3.651972557,1.05746122199473e-60,4.624250965,1.266233766,17.62037037,55868254,55950119,UP,LINC01755
ENSG00000261520,ENSG00000261520,3.652209485,3.29333227075804e-64,11.38351008,3.116883117,33.97222222,4264602,4295405,UP,DLGAP1-AS5
ENSG00000205592,ENSG00000205592,3.743904278,3.47245316480625e-69,20.78596206,5.551948052,65.12962963,40393395,40570832,UP,MUC19
ENSG00000129991,ENSG00000129991,3.776947862,2.98918263241849e-72,63.9628573,16.93506494,190.9166667,55151767,55157773,UP,TNNI3
ENSG00000176566,ENSG00000176566,3.803554199,1.38243521877325e-65,5.804124914,1.525974026,23.85185185,87870747,87874015,UP,DCAF4L2
ENSG00000255774,ENSG00000255774,3.835003263,1.2222270563931e-66,6.499583452,1.694805195,14.62962963,69475567,69481545,UP,LINC02747
ENSG00000254584,ENSG00000254584,3.866601042,1.77531517814788e-64,3.816385444,0.987012987,15.83333333,32035979,32041318,UP,LINC03031
ENSG00000107317,ENSG00000107317,3.88868312,2.1268308450015e-76,751.3238802,193.2077922,2013.592593,136975092,136981742,UP,PTGDS
ENSG00000231924,ENSG00000231924,4.215121464,1.476146889445e-87,92.5958176,21.96753247,287.6388889,42866464,42879822,UP,PSG1
ENSG00000271171,ENSG00000271171,4.243542119,2.91562730472307e-76,3.361767133,0.792207792,20.09259259,34891605,34905139,UP,LINC00904
ENSG00000205649,ENSG00000205649,4.247027874,5.40067543639164e-85,14.2854574,3.363636364,67.13888889,70028455,70036538,UP,HTN3
ENSG00000286377,ENSG00000286377,4.374864353,2.2047528898888e-86,7.755441353,1.772727273,35.71296296,15425758,15496353,UP,LOC124900945
ENSG00000232903,ENSG00000232903,4.561451952,3.66909316425177e-91,6.279401388,1.376623377,27.86111111,132943967,132965289,UP,LINC01166
ENSG00000249196,ENSG00000249196,4.627392944,9.91349329535249e-95,8.834113802,1.909090909,42.5462963,129109629,129113294,UP,TMEM132D-AS1
ENSG00000285636,ENSG00000285636,4.752803901,6.49403532046925e-91,3.024511574,0.636363636,18.08333333,162146709,162175243,UP,ENSG00000285636
ENSG00000166006,ENSG00000166006,4.809797601,2.07886362893386e-100,7.214696402,1.5,37.62962963,75040077,75209839,UP,KCNC2
ENSG00000228383,ENSG00000228383,4.938974005,2.1935984800097e-97,3.175054718,0.642857143,26.39814815,9367803,9375681,UP,FAM197Y7
ENSG00000166917,ENSG00000166917,4.947784116,2.24119588674936e-108,12.43371723,2.512987013,95.74074074,133246478,133247891,UP,MIR202HG
ENSG00000189182,ENSG00000189182,5.10564054,6.37800051153645e-119,44.85669903,8.785714286,320.2407407,52689626,52703524,UP,KRT77
ENSG00000286941,ENSG00000286941,5.131203444,7.82529756678224e-95,1.466058127,0.285714286,13.64814815,22630546,22633849,UP,ENSG00000286941
ENSG00000077498,ENSG00000077498,5.283604417,7.81907059056492e-122,20.72270823,3.922077922,154.4907407,89177875,89295759,UP,TYR
ENSG00000225560,ENSG00000225560,5.30799901,1.03303827516491e-102,1.688908776,0.318181818,19.34259259,9347511,9356814,UP,ENSG00000225560
ENSG00000134160,ENSG00000134160,5.362906489,1.91999851729207e-129,37.99305831,7.084415584,248.6018519,31001061,31161273,UP,TRPM1
ENSG00000234803,ENSG00000234803,5.363731128,6.38962248868351e-97,0.870735573,0.162337662,13.08333333,9517599,9526926,UP,ENSG00000234803
ENSG00000286056,ENSG00000286056,5.419459758,3.75476123293252e-127,18.86253526,3.480519481,171.3611111,98420448,98423721,UP,ENSG00000286056
ENSG00000269037,ENSG00000269037,5.519887069,8.60721983082725e-123,5.340669956,0.967532468,59,34905315,34908188,UP,LINC01838
ENSG00000174667,ENSG00000174667,5.605902135,7.27647163878046e-118,2.65734322,0.474025974,23.33333333,9210276,9219589,UP,OR7D4
ENSG00000121335,ENSG00000121335,6.947960166,3.22140475956206e-178,7.805176031,1.123376623,147,11391540,11501041,UP,PRB2
ENSG00000286421,ENSG00000286421,7.089119483,1.57298497938738e-156,0.874631625,0.123376623,34.93518519,221555550,221563653,UP,LOC105372937
ENSG00000241328,ENSG00000241328,8.624584455,4.56844948096399e-217,1.176079698,0.136363636,114.4537037,86481943,86496996,UP,LINC02070
ENSG00000254466,ENSG00000254466,8.697762804,2.6641143662943e-212,0.621268772,0.071428571,72.2037037,59473315,59479361,UP,OR4D10
